user_id,company_id,location,start_date,StartAfter2019,companies_worked,positions_worked,days_worked
0,0,Serbest Çalışmalar,2005-09-01,0,1,2,0
0,0,Visual Studio Asp.Net Developer,2005-09-01,0,1,2,4870
10,26,"Istanbul, Turkey",2018-05-01,0,2,3,0
10,26,istanbul,2018-05-01,0,2,3,245
209,88,Team member,2014-08-01,0,6,8,0
209,88,"Ankara, Türkiye",2014-08-01,0,6,8,304
212,423,"Izmir, Turkey",2019-03-01,1,3,4,0
212,423,"İzmir, Türkiye",2019-03-01,1,3,4,245
378,116,"Malatya, Turkey",2017-05-01,0,7,10,0
378,116,,2017-05-01,0,7,10,123
411,794,"Elazığ, Turkey",2018-02-01,0,3,5,0
411,794,"Elazığ, Türkiye",2018-02-01,0,3,5,334
424,273,"Elazig, Turkey",2019-07-01,1,1,2,0
424,273,"Elazığ, Türkiye",2019-07-01,1,1,2,-181
447,794,"Elazığ, Türkiye",2018-02-01,0,3,5,0
447,794,"Elazığ, Turkey",2018-02-01,0,3,5,334
455,88,Team member,2014-08-01,0,6,8,0
455,88,"Ankara, Türkiye",2014-08-01,0,6,8,304
499,901,,2017-12-01,0,8,9,0
499,901,"İstanbul, Türkiye",2017-12-01,0,8,9,90
593,794,"Elazığ, Turkey",2018-02-01,0,3,5,0
593,794,"Elazığ, Türkiye",2018-02-01,0,3,5,334
648,1207,"Ankara, Türkiye",2013-08-01,0,2,3,0
648,1207,"Ankara, Turkey",2013-08-01,0,2,3,1979
671,1232,,2017-01-01,0,2,6,0
671,1232,"Antalya, Turkey",2017-01-01,0,2,6,730
681,794,"Elazığ, Türkiye",2018-02-01,0,1,2,0
681,794,"Elazığ, Turkey",2018-02-01,0,1,2,334
706,26,"Istanbul, Turkey",2018-05-01,0,2,3,0
706,26,istanbul,2018-05-01,0,2,3,245
840,901,,2017-12-01,0,8,9,0
840,901,"İstanbul, Türkiye",2017-12-01,0,8,9,0
941,901,,2017-12-01,0,8,9,0
941,901,"İstanbul, Türkiye",2017-12-01,0,8,9,0
993,26,,2016-08-01,0,3,7,0
993,26,"Kurtköy Mah., İstanbul, Türkiye",2016-08-01,0,3,7,365
995,839,Ankara,2005-08-01,0,1,3,0
995,839,"Erzurum, Türkiye",2005-08-01,0,1,3,365
1071,41,ankara,2017-07-01,0,1,2,0
1071,41,"Ankara, Turkey",2017-07-01,0,1,2,549
1180,26,"Kurtköy Mah., İstanbul, Türkiye",2016-08-01,0,3,7,0
1180,26,,2016-08-01,0,3,7,365
1298,1312,"Istanbul, Turkey",2019-12-01,1,5,6,0
1298,1312,,2019-12-01,1,5,6,-334
1371,1926,"Ankara, Turkey",2010-02-01,0,3,6,0
1371,1926,"Yalova, Turkey",2010-02-01,0,3,6,1946
1465,2064,"Istanbul, Turkey",2019-12-01,1,3,4,0
1465,2064,,2019-12-01,1,3,4,-334
1521,2064,,2019-12-01,1,3,4,0
1521,2064,"Istanbul, Turkey",2019-12-01,1,3,4,-334
1555,1990,,2019-12-01,1,4,5,0
1555,1990,"Istanbul, Turkey",2019-12-01,1,4,5,-334
1596,1990,"Istanbul, Turkey",2019-12-01,1,4,5,0
1596,1990,,2019-12-01,1,4,5,-334
1854,1990,"Istanbul, Turkey",2019-12-01,1,4,5,0
1854,1990,,2019-12-01,1,4,5,-334
2098,2640,,2013-01-01,0,1,2,0
2098,2640,"Istanbul, Turkey",2013-01-01,0,1,2,2191
2158,1261,Teknopark,2018-01-01,0,4,5,0
2158,1261,"Istanbul, Turkey",2018-01-01,0,4,5,365
2334,3269,,2019-05-01,1,5,7,0
2334,3269,"Istanbul, Turkey",2019-05-01,1,5,7,123
2422,2503,,2012-10-01,0,1,4,0
2422,2503,"Istanbul, Turkey",2012-10-01,0,1,4,1857
2448,1583,"İstanbul, Türkiye",2016-11-01,0,6,7,0
2448,1583,"Istanbul, Turkey",2016-11-01,0,6,7,791
2512,2869,YTÜ Teknopark,2018-03-01,0,1,2,0
2512,2869,"Istanbul, Turkey",2018-03-01,0,1,2,306
2546,900,,2014-10-01,0,2,3,0
2546,900,"Istanbul, Turkey",2014-10-01,0,2,3,1553
2619,1562,"Istanbul, Turkey",2009-02-01,0,6,8,0
2619,1562,"İstanbul, Türkiye",2009-02-01,0,6,8,3621
2708,1562,"Istanbul, Turkey",2009-02-01,0,6,8,0
2708,1562,"İstanbul, Türkiye",2009-02-01,0,6,8,3621
2737,1805,,2015-08-01,0,1,2,0
2737,1805,ATATURK AIRPORT,2015-08-01,0,1,2,1249
2900,1562,"İstanbul, Türkiye",2009-02-01,0,6,8,0
2900,1562,"Istanbul, Turkey",2009-02-01,0,6,8,0
2906,1562,"İstanbul, Türkiye",2009-02-01,0,6,8,0
2906,1562,"Istanbul, Turkey",2009-02-01,0,6,8,0
2956,41,,2011-06-01,0,2,3,0
2956,41,"Istanbul, Turkey",2011-06-01,0,2,3,2771
3506,885,,2018-09-01,0,1,2,0
3506,885,"Ankara, Turkey",2018-09-01,0,1,2,122
3598,3746,Yarımca total,2018-03-01,0,4,5,0
3598,3746,,2018-03-01,0,4,5,306
3648,4569,Carrefour,2008-01-01,0,4,6,0
3648,4569,CarrefourSA,2008-01-01,0,4,6,731
3682,393,"İzmir, Türkiye",2013-07-01,0,4,5,0
3682,393,,2013-07-01,0,4,5,945
3687,1261,"Istanbul, Turkey",2018-01-01,0,4,5,0
3687,1261,Teknopark,2018-01-01,0,4,5,365
3689,4234,"Istanbul, Turkey",2018-01-01,0,1,2,0
3689,4234,,2018-01-01,0,1,2,365
3865,1337,"Istanbul, Turkey",2019-02-01,1,2,5,0
3865,1337,İstanbul Province,2019-02-01,1,2,5,150
4081,4852,,2013-08-01,0,4,5,0
4081,4852,"Antalya, Türkiye",2013-08-01,0,4,5,518
4172,203,,2017-09-01,0,5,7,0
4172,203,"Istanbul, Turkey",2017-09-01,0,5,7,61
4175,1562,,2019-07-01,1,3,4,0
4175,1562,"Istanbul, Turkey",2019-07-01,1,3,4,-181
4223,4852,"Antalya, Türkiye",2013-08-01,0,4,5,0
4223,4852,,2013-08-01,0,4,5,518
4241,352,"Ankara, Türkiye",2016-03-01,0,2,3,0
4241,352,,2016-03-01,0,2,3,1340
4414,850,"İstanbul, Türkiye",2017-07-01,0,2,3,0
4414,850,"Istanbul, Turkey",2017-07-01,0,2,3,549
4462,268,,2017-12-01,0,1,2,0
4462,268,"Esenyurt, İstanbul, Türkiye",2017-12-01,0,1,2,396
4465,1607,Türkiye,2001-06-01,0,1,3,0
4465,1607,,2001-06-01,0,1,3,6058
4478,3746,Yarımca total,2018-03-01,0,4,5,0
4478,3746,,2018-03-01,0,4,5,0
4573,268,,2017-12-01,0,1,2,0
4573,268,"Esenyurt, İstanbul, Türkiye",2017-12-01,0,1,2,396
4593,1607,,2001-06-01,0,1,3,0
4593,1607,Türkiye,2001-06-01,0,1,3,6058
4600,5152,,2013-03-01,0,5,6,0
4600,5152,"Singapore, Singapore",2013-03-01,0,5,6,2132
4622,5178,"İstanbul, Türkiye",2015-08-01,0,2,4,0
4622,5178,İstanbul Türkiye,2015-08-01,0,2,4,1249
4647,5178,İstanbul Türkiye,2015-08-01,0,2,4,0
4647,5178,"İstanbul, Türkiye",2015-08-01,0,2,4,1249
4755,5405,"Göztepe Mah., İstanbul, Türkiye",2019-05-01,1,4,8,0
4755,5405,,2019-05-01,1,4,8,92
4834,5509,"Barcelona Area, Spain",2014-06-01,0,11,12,0
4834,5509,"Istanbul, Turkey",2014-06-01,0,11,12,334
4925,5509,"Barcelona Area, Spain",2014-06-01,0,11,12,0
4925,5509,"Istanbul, Turkey",2014-06-01,0,11,12,334
4927,5509,"Istanbul, Turkey",2014-06-01,0,11,12,0
4927,5509,"Barcelona Area, Spain",2014-06-01,0,11,12,334
4970,5509,"Barcelona Area, Spain",2014-06-01,0,11,12,0
4970,5509,"Istanbul, Turkey",2014-06-01,0,11,12,334
5016,5706,"Istanbul, Turkey",2015-11-01,0,2,3,0
5016,5706,"İstanbul, Türkiye",2015-11-01,0,2,3,1157
5055,593,"Istanbul, Turkey",2016-05-01,0,4,5,0
5055,593,"İstanbul, Türkiye",2016-05-01,0,4,5,975
5064,313,"Kadıköy, İstanbul, Türkiye",2016-06-01,0,3,4,0
5064,313,"Istanbul, Turkey",2016-06-01,0,3,4,214
5341,6076,,2010-06-01,0,2,3,0
5341,6076,"Istanbul, Turkey",2010-06-01,0,2,3,1096
5342,5509,"Istanbul, Turkey",2014-06-01,0,11,12,0
5342,5509,"Barcelona Area, Spain",2014-06-01,0,11,12,334
5486,5070,"Istanbul, Turkey",2006-02-01,0,3,5,0
5486,5070,,2006-02-01,0,3,5,4383
5486,5076,GOSB,2018-02-01,0,3,5,0
5486,5076,"Gebze, Kocaeli, Turkey GOSB",2018-02-01,0,3,5,334
5517,5070,,2006-02-01,0,3,5,0
5517,5070,"Istanbul, Turkey",2006-02-01,0,3,5,4383
5517,5076,GOSB,2018-02-01,0,3,5,0
5517,5076,"Gebze, Kocaeli, Turkey GOSB",2018-02-01,0,3,5,334
5536,593,"İstanbul, Türkiye",2016-05-01,0,4,5,0
5536,593,"Istanbul, Turkey",2016-05-01,0,4,5,975
5544,5509,"Istanbul, Turkey",2014-06-01,0,11,12,0
5544,5509,"Barcelona Area, Spain",2014-06-01,0,11,12,334
5545,6076,,2010-06-01,0,3,4,0
5545,6076,"Istanbul, Turkey",2010-06-01,0,3,4,1096
5556,5509,"Istanbul, Turkey",2014-06-01,0,11,12,0
5556,5509,"Barcelona Area, Spain",2014-06-01,0,11,12,334
5569,5509,"Istanbul, Turkey",2014-06-01,0,11,12,0
5569,5509,"Barcelona Area, Spain",2014-06-01,0,11,12,334
5613,2763,"Istanbul, Turkey",2017-07-01,0,3,4,0
5613,2763,,2017-07-01,0,3,4,365
5773,6474,,2018-09-01,0,5,6,0
5773,6474,"Istanbul, Turkey",2018-09-01,0,5,6,153
5812,2691,"Istanbul, Turkey",2017-02-01,0,3,4,0
5812,2691,,2017-02-01,0,3,4,699
5852,5405,"Göztepe Mah., İstanbul, Türkiye",2019-05-01,1,4,8,0
5852,5405,,2019-05-01,1,4,8,92
5876,6534,"Istanbul, Turkey",2003-09-01,0,1,2,0
5876,6534,,2003-09-01,0,1,2,5601
6026,6474,"Istanbul, Turkey",2018-09-01,0,5,6,0
6026,6474,,2018-09-01,0,5,6,0
6037,6534,"Istanbul, Turkey",2003-09-01,0,1,2,0
6037,6534,,2003-09-01,0,1,2,5601
6054,3027,,2010-09-01,0,2,4,0
6054,3027,Intern,2010-09-01,0,2,4,1034
6077,6474,,2018-09-01,0,4,5,0
6077,6474,"Istanbul, Turkey",2018-09-01,0,4,5,0
6080,6474,,2018-09-01,0,5,6,0
6080,6474,"Istanbul, Turkey",2018-09-01,0,5,6,153
6172,1607,"Istanbul, Turkey",2009-01-01,0,3,4,0
6172,1607,,2009-01-01,0,3,4,1461
6798,2264,Altunizade,2017-03-01,0,4,6,0
6798,2264,"Istanbul, Turkey",2017-03-01,0,4,6,671
6901,594,,2013-03-01,0,2,3,0
6901,594,"Istanbul, Turkey",2013-03-01,0,2,3,2132
6908,594,"Istanbul, Turkey",2013-03-01,0,2,3,0
6908,594,,2013-03-01,0,2,3,2132
6927,4913,"Istanbul, Turkey",2013-09-01,0,3,7,0
6927,4913,"İstanbul, Türkiye",2013-09-01,0,3,7,1065
6954,4913,"Istanbul, Turkey",2017-09-01,0,3,4,0
6954,4913,"İstanbul, Türkiye",2017-09-01,0,3,4,518
6986,594,"Istanbul, Turkey",2013-03-01,0,2,3,0
6986,594,,2013-03-01,0,2,3,2132
7011,594,,2013-03-01,0,2,3,0
7011,594,"Istanbul, Turkey",2013-03-01,0,2,3,2132
7023,4913,"Istanbul, Turkey",2017-09-01,0,2,3,0
7023,4913,"İstanbul, Türkiye",2017-09-01,0,2,3,487
7039,4913,"Istanbul, Turkey",2017-09-01,0,3,4,0
7039,4913,"İstanbul, Türkiye",2017-09-01,0,3,4,518
7064,4913,"Istanbul, Turkey",2017-09-01,0,3,4,0
7064,4913,"İstanbul, Türkiye",2017-09-01,0,3,4,518
7433,125,,2019-10-01,1,5,7,0
7433,125,"Turkey, Central Asia & Caucasus",2019-10-01,1,5,7,-273
7453,4305,,2015-09-01,0,2,3,0
7453,4305,"Ankara, Turkey",2015-09-01,0,2,3,639
7737,125,,2019-10-01,1,5,7,0
7737,125,"Turkey, Central Asia & Caucasus",2019-10-01,1,5,7,-273
7774,125,"Turkey, Central Asia & Caucasus",2019-10-01,1,5,7,0
7774,125,,2019-10-01,1,5,7,-273
7831,1681,,2017-03-01,0,1,2,0
7831,1681,"İstanbul, Türkiye",2017-03-01,0,1,2,671
8329,8304,"Çankaya, Ankara, Türkiye",2018-01-01,0,1,2,0
8329,8304,"Gölbaşı, Ankara, Türkiye",2018-01-01,0,1,2,365
8510,1562,,2010-10-01,0,1,2,0
8510,1562,"Ankara, Turkey",2010-10-01,0,1,2,3014
8516,89,"Ankara, Turkey",2015-06-01,0,4,6,0
8516,89,,2015-06-01,0,4,6,1310
8578,699,"Ankara, Turkey",2019-05-01,1,3,5,0
8578,699,,2019-05-01,1,3,5,61
8728,89,"Ankara, Turkey",2015-06-01,0,4,6,0
8728,89,,2015-06-01,0,4,6,1310
9173,7751,,2018-10-01,0,4,5,0
9173,7751,"Çankaya, Ankara, Türkiye",2018-10-01,0,4,5,304
9249,125,"Turkey, Central Asia & Caucasus",2019-10-01,1,5,7,0
9249,125,,2019-10-01,1,5,7,-273
9383,125,,2019-10-01,1,5,7,0
9383,125,"Turkey, Central Asia & Caucasus",2019-10-01,1,5,7,-273
9525,8815,"İstanbul, Türkiye",2017-12-01,0,7,8,0
9525,8815,"Istanbul, Turkey",2017-12-01,0,7,8,0
9567,8815,"İstanbul, Türkiye",2017-12-01,0,7,8,0
9567,8815,"Istanbul, Turkey",2017-12-01,0,7,8,0
9596,8815,"İstanbul, Türkiye",2017-12-01,0,7,8,0
9596,8815,"Istanbul, Turkey",2017-12-01,0,7,8,0
9660,8918,"Quebec, Canada",2018-03-01,0,1,2,0
9660,8918,Canada,2018-03-01,0,1,2,306
9783,8815,"Istanbul, Turkey",2017-12-01,0,7,8,0
9783,8815,"İstanbul, Türkiye",2017-12-01,0,7,8,0
9891,8918,"Quebec, Canada",2018-03-01,0,1,2,0
9891,8918,Canada,2018-03-01,0,1,2,306
9969,8815,"İstanbul, Türkiye",2017-12-01,0,7,8,0
9969,8815,"Istanbul, Turkey",2017-12-01,0,7,8,0
10005,8815,"İstanbul, Türkiye",2017-12-01,0,7,8,0
10005,8815,"Istanbul, Turkey",2017-12-01,0,7,8,0
10084,26,"Istanbul, Turkey",2019-06-01,1,2,3,0
10084,26,,2019-06-01,1,2,3,122
10171,9298,,2015-09-01,0,3,5,0
10171,9298,"Ibiza, Balear Adaları, İspanya",2015-09-01,0,3,5,30
10244,441,"Istanbul, Turkey",2018-03-01,0,3,4,0
10244,441,,2018-03-01,0,3,4,0
10269,3451,"Istanbul, Turkey",2013-08-01,0,2,9,0
10269,3451,"Ankara, Türkiye",2013-08-01,0,2,9,31
10615,4863,,2010-01-01,0,2,3,0
10615,4863,"İstanbul, Türkiye",2010-01-01,0,2,3,2769
10686,2848,"İstanbul, Türkiye",2015-06-01,0,1,3,0
10686,2848,,2015-06-01,0,1,3,1310
11092,4863,,2010-01-01,0,2,3,0
11092,4863,"İstanbul, Türkiye",2010-01-01,0,2,3,2769
11340,1328,"Güneşli Mah., İstanbul, Türkiye",2014-12-01,0,3,4,0
11340,1328,,2014-12-01,0,3,4,1492
11476,2695,"Istanbul, Turkey",2015-02-01,0,4,5,0
11476,2695,,2015-02-01,0,4,5,394
11806,9944,"Aydin, Turkey",1998-01-01,0,1,2,0
11806,9944,"Aydın, Türkiye",1998-01-01,0,1,2,7670
11867,9944,"Aydin, Turkey",1998-01-01,0,1,2,0
11867,9944,"Aydın, Türkiye",1998-01-01,0,1,2,7670
11897,1877,"Ankara, Turkey",2019-04-01,1,2,3,0
11897,1877,"Mugla, Turkey",2019-04-01,1,2,3,-90
12220,207,,2018-07-01,0,2,4,0
12220,207,"Istanbul, Turkey",2018-07-01,0,2,4,184
12281,1721,,2013-04-01,0,1,2,0
12281,1721,"Tekirdağ, Türkiye",2013-04-01,0,1,2,2101
12380,10354,ORGANİZASYON AĞI YÖNETİCİSİ ,2017-01-01,0,1,2,0
12380,10354,,2017-01-01,0,1,2,730
12657,2777,"Istanbul, Turkey",2016-04-01,0,4,8,0
12657,2777,"Eskisehir, Turkey",2016-04-01,0,4,8,395
12733,4988,"Kadıköy, İstanbul, Türkiye",2015-01-01,0,5,6,0
12733,4988,"İstanbul, Türkiye",2015-01-01,0,5,6,1461
12755,2995,"İstanbul, Türkiye",2019-04-01,1,4,6,0
12755,2995,,2019-04-01,1,4,6,-90
12794,10632,"Eskişehir, Türkiye",2007-09-01,0,1,2,0
12794,10632,"Eskisehir, Turkey",2007-09-01,0,1,2,4140
12800,10635,"Merkez (Şişli) Mah., İstanbul, Türkiye",2017-08-01,0,1,2,0
12800,10635,"Istanbul, Turkey",2017-08-01,0,1,2,518
12858,10551,,2013-10-01,0,3,4,0
12858,10551,"Eskişehir, Türkiye",2013-10-01,0,3,4,1035
13040,2409,Eskişehir,2011-02-01,0,2,3,0
13040,2409,"Eskişehir, Turkey",2011-02-01,0,2,3,2891
13190,2409,"Eskişehir, Turkey",2011-02-01,0,2,3,0
13190,2409,Eskişehir,2011-02-01,0,2,3,2891
13334,88,ankara,2008-10-01,0,2,3,0
13334,88,"Ankara, Turkey",2008-10-01,0,2,3,3744
13359,1503,"Kocaeli, Turkey",2013-06-01,0,2,6,0
13359,1503,"Kocaeli, Türkiye",2013-06-01,0,2,6,426
13366,1930,,2007-06-01,0,4,10,0
13366,1930,"Ankara, Turkey",2007-06-01,0,4,10,458
13377,1503,"Kocaeli, Türkiye",2013-06-01,0,2,6,0
13377,1503,"Kocaeli, Turkey",2013-06-01,0,2,6,426
13381,88,ankara,2008-10-01,0,2,3,0
13381,88,"Ankara, Turkey",2008-10-01,0,2,3,3744
13384,1503,"Kocaeli, Türkiye",2013-06-01,0,2,6,0
13384,1503,"Kocaeli, Turkey",2013-06-01,0,2,6,426
13404,264,"Istanbul, Turkey",2013-02-01,0,6,10,0
13404,264,Eskişehir,2013-02-01,0,6,10,28
13421,2777,"Eskisehir, Turkey",2016-04-01,0,4,8,0
13421,2777,"Istanbul, Turkey",2016-04-01,0,4,8,395
13430,1343,"Istanbul, Turkey",2018-04-01,0,2,3,0
13430,1343,online,2018-04-01,0,2,3,275
13537,1328,"Istanbul, Turkey",2011-02-01,0,3,6,0
13537,1328,İstanbul,2011-02-01,0,3,6,2981
13567,10354,,2017-01-01,0,1,2,0
13567,10354,ORGANİZASYON AĞI YÖNETİCİSİ ,2017-01-01,0,1,2,730
13747,11141,,2017-06-01,0,4,5,0
13747,11141,"Istanbul, Turkey",2017-06-01,0,4,5,579
13763,11155,"Istanbul, Turkey",2014-06-01,0,3,5,0
13763,11155,,2014-06-01,0,3,5,1826
13852,2242,"Maslak Mah., İstanbul Province, Turkey",2017-07-01,0,3,5,0
13852,2242,"Istanbul, Turkey",2017-07-01,0,3,5,761
13981,4276,,2015-09-01,0,1,2,0
13981,4276,"Istanbul, Turkey",2015-09-01,0,1,2,1218
13987,2242,"Maslak Mah., İstanbul Province, Turkey",2017-07-01,0,3,5,0
13987,2242,"Istanbul, Turkey",2017-07-01,0,3,5,761
14136,11159,"Istanbul, Turkey",2016-09-01,0,4,5,0
14136,11159,"İstanbul, Türkiye",2016-09-01,0,4,5,852
14150,3219,,2018-06-01,0,2,3,0
14150,3219,"Istanbul, Turkey",2018-06-01,0,2,3,365
14168,2742,"İstanbul, Türkiye",2017-11-01,0,3,5,0
14168,2742,"Istanbul, Turkey",2017-11-01,0,3,5,426
14224,744,"Kocaeli, Türkiye",2016-03-01,0,4,6,0
14224,744,,2016-03-01,0,4,6,1036
14260,1000,"Istanbul, Turkey",2017-11-01,0,3,4,0
14260,1000,,2017-11-01,0,3,4,426
14298,744,,2016-03-01,0,4,6,0
14298,744,"Kocaeli, Türkiye",2016-03-01,0,4,6,1036
14315,1000,"Istanbul, Turkey",2017-11-01,0,3,4,0
14315,1000,,2017-11-01,0,3,4,426
14332,11499,"Kirklareli, Turkey",2017-10-01,0,4,6,0
14332,11499,,2017-10-01,0,4,6,457
14378,11526,"Tekirdag, Turkey",2019-08-01,1,1,2,0
14378,11526,,2019-08-01,1,1,2,-212
14659,2848,"İstanbul, Türkiye",2015-06-01,0,1,3,0
14659,2848,,2015-06-01,0,1,3,1310
14841,1259,"Istanbul, Turkey",2017-06-01,0,2,3,0
14841,1259,"Maslak Mah., İstanbul, Türkiye",2017-06-01,0,2,3,579
15036,11763,"İzmir, Türkiye",2013-12-01,0,1,2,0
15036,11763,"Izmir, Turkey",2013-12-01,0,1,2,1857
15157,11904,izmir,2016-01-01,0,2,3,0
15157,11904,"Izmir, Turkey",2016-01-01,0,2,3,1096
15181,11904,"Izmir, Turkey",2016-01-01,0,3,5,0
15181,11904,izmir,2016-01-01,0,3,5,1096
15343,12058,,2007-07-01,0,3,4,0
15343,12058,İzmir / Türkiye,2007-07-01,0,3,4,3106
15392,11904,"Izmir, Turkey",2016-01-01,0,3,5,0
15392,11904,izmir,2016-01-01,0,3,5,1096
15608,806,"Izmir, Turkey",2010-06-01,0,3,6,0
15608,806,,2010-06-01,0,3,6,426
15656,11904,izmir,2016-01-01,0,3,5,0
15656,11904,"Izmir, Turkey",2016-01-01,0,3,5,1096
16200,890,Albaraka Migration Credit Card Integration Project Team Leader,2014-01-01,0,1,9,0
16200,890,"Istanbul, Turkey",2014-01-01,0,1,9,365
16442,856,,2011-11-01,0,5,11,0
16442,856,"Sivas, Turkey",2011-11-01,0,5,11,1735
16490,856,,2011-11-01,0,5,11,0
16490,856,"Sivas, Turkey",2011-11-01,0,5,11,1735
16501,856,"Sivas, Turkey",2011-11-01,0,5,11,0
16501,856,,2011-11-01,0,5,11,1735
16624,856,"Sivas, Turkey",2011-11-01,0,5,11,0
16624,856,,2011-11-01,0,5,11,1735
16659,856,,2011-11-01,0,4,7,0
16659,856,"Sivas, Turkey",2011-11-01,0,4,7,1735
16672,856,"Sivas, Turkey",2011-11-01,0,5,11,0
16672,856,,2011-11-01,0,5,11,1735
16691,9501,,2015-07-01,0,4,6,0
16691,9501,"Istanbul, Turkey",2015-07-01,0,4,6,1219
16746,1314,"Kurtköy Mah., İstanbul, Türkiye",2017-08-01,0,3,4,0
16746,1314,"Istanbul, Turkey",2017-08-01,0,3,4,518
16918,314,"Istanbul, Turkey",2017-07-01,0,2,4,0
16918,314,,2017-07-01,0,2,4,457
17040,856,,2011-11-01,0,5,11,0
17040,856,"Sivas, Turkey",2011-11-01,0,5,11,1735
17068,26,"İstanbul, Türkiye",2015-07-01,0,2,3,0
17068,26,Software Engineer,2015-07-01,0,2,3,1280
17077,26,"Istanbul, Turkey",2014-06-01,0,4,5,0
17077,26,"İstanbul, Türkiye",2014-06-01,0,4,5,395
17082,26,"Istanbul, Turkey",2016-02-01,0,4,5,0
17082,26,"İstanbul, Türkiye",2016-02-01,0,4,5,121
17115,856,,2011-11-01,0,5,11,0
17115,856,"Sivas, Turkey",2011-11-01,0,5,11,1735
17129,856,"Sivas, Turkey",2011-11-01,0,5,11,0
17129,856,,2011-11-01,0,5,11,1735
17305,951,"Istanbul, Turkey",2018-06-01,0,3,4,0
17305,951,,2018-06-01,0,3,4,214
17347,951,,2018-06-01,0,3,4,0
17347,951,"Istanbul, Turkey",2018-06-01,0,3,4,214
17579,13168,"İstanbul, Türkiye",2015-01-01,0,3,6,0
17579,13168,,2015-01-01,0,3,6,1461
17771,13168,"İstanbul, Türkiye",2015-01-01,0,3,6,0
17771,13168,,2015-01-01,0,3,6,1461
17902,13460,,2011-08-01,0,1,2,0
17902,13460,"Manisa, Turkey",2011-08-01,0,1,2,2710
17930,1602,,2018-03-01,0,6,7,0
17930,1602,"Istanbul, Turkey",2018-03-01,0,6,7,426
17999,1126,,2015-09-01,0,3,4,0
17999,1126,"İstanbul, Türkiye",2015-09-01,0,3,4,1218
18090,13575,"Istanbul, Turkey",2018-04-01,0,2,3,0
18090,13575,"Şişli, İstanbul, Türkiye",2018-04-01,0,2,3,275
18271,1772,,2017-07-01,0,3,5,0
18271,1772,"Istanbul, Turkey",2017-07-01,0,3,5,549
18530,1126,"İstanbul, Türkiye",2015-09-01,0,3,4,0
18530,1126,,2015-09-01,0,3,4,1218
18870,13981,,2018-07-01,0,2,4,0
18870,13981,"Istanbul, Turkey",2018-07-01,0,2,4,184
19052,815,Maslak / Istanbul,2011-07-01,0,1,2,0
19052,815,,2011-07-01,0,1,2,2741
19139,6474,"Istanbul, Turkey",2018-09-01,0,5,6,0
19139,6474,,2018-09-01,0,5,6,153
19176,153,,2008-11-01,0,3,4,0
19176,153,"İstanbul, Türkiye",2008-11-01,0,3,4,2311
19250,1805,,2010-01-01,0,3,4,0
19250,1805,"Istanbul, Turkey",2010-01-01,0,3,4,2588
19252,1339,"Istanbul, Turkey",2011-02-01,0,1,2,0
19252,1339,,2011-02-01,0,1,2,2891
19263,14188,"Odunpazarı, Eskişehir, Türkiye",2018-04-01,0,3,4,0
19263,14188,,2018-04-01,0,3,4,275
19265,837,Gebze,2008-05-01,0,3,11,0
19265,837,"İstanbul, Türkiye",2008-05-01,0,3,11,153
19314,1082,"İstanbul, Türkiye",2016-05-01,0,3,4,0
19314,1082,,2016-05-01,0,3,4,975
19338,6638,Gayrettepe,2003-11-01,0,1,2,0
19338,6638,,2003-11-01,0,1,2,5540
19445,837,Gebze,2008-05-01,0,3,11,0
19445,837,"İstanbul, Türkiye",2008-05-01,0,3,11,153
19496,511,İstanbul,2008-09-01,0,5,8,0
19496,511,,2008-09-01,0,5,8,487
19496,740,İSTANBUL,2010-01-01,0,5,8,0
19496,740,"Istanbul, Turkey",2010-01-01,0,5,8,2007
19505,1339,,2011-02-01,0,1,2,0
19505,1339,"Istanbul, Turkey",2011-02-01,0,1,2,2891
19511,14188,,2018-04-01,0,3,4,0
19511,14188,"Odunpazarı, Eskişehir, Türkiye",2018-04-01,0,3,4,275
19525,6474,"Istanbul, Turkey",2018-09-01,0,5,6,0
19525,6474,,2018-09-01,0,5,6,0
19534,1805,,2010-01-01,0,3,4,0
19534,1805,"Istanbul, Turkey",2010-01-01,0,3,4,2588
19554,1411,"Istanbul, Turkey",2014-05-01,0,6,7,0
19554,1411,,2014-05-01,0,6,7,1492
19556,14188,,2018-04-01,0,3,4,0
19556,14188,"Odunpazarı, Eskişehir, Türkiye",2018-04-01,0,3,4,275
19565,6638,Gayrettepe,2003-11-01,0,1,2,0
19565,6638,,2003-11-01,0,1,2,5540
19571,153,,2008-11-01,0,3,4,0
19571,153,"İstanbul, Türkiye",2008-11-01,0,3,4,2311
19593,6474,,2018-09-01,0,5,6,0
19593,6474,"Istanbul, Turkey",2018-09-01,0,5,6,0
19596,1805,,2010-01-01,0,3,4,0
19596,1805,"Istanbul, Turkey",2010-01-01,0,3,4,2588
19601,6474,,2018-09-01,0,5,6,0
19601,6474,"Istanbul, Turkey",2018-09-01,0,5,6,153
19877,594,"Istanbul, Turkey",2013-03-01,0,2,3,0
19877,594,,2013-03-01,0,2,3,2132
19889,153,,2008-11-01,0,3,4,0
19889,153,"İstanbul, Türkiye",2008-11-01,0,3,4,2311
19925,594,,2013-03-01,0,2,3,0
19925,594,"Istanbul, Turkey",2013-03-01,0,2,3,2132
19949,1872,"Istanbul, Turkey",2006-04-01,0,2,7,0
19949,1872,,2006-04-01,0,2,7,1644
19990,14445,"İstanbul, Türkiye",2010-12-01,0,2,9,0
19990,14445,,2010-12-01,0,2,9,90
20080,153,"İstanbul, Türkiye",2008-11-01,0,3,4,0
20080,153,,2008-11-01,0,3,4,2311
20156,4662,,2019-05-01,1,3,5,0
20156,4662,"Avcılar, İstanbul, Türkiye",2019-05-01,1,3,5,31
20268,14550,"Istanbul, Turkey",2015-06-01,0,4,5,0
20268,14550,Teknopark Yıldız Teknik Üniversitesi,2015-06-01,0,4,5,458
20311,913,"Muratçeşme Mah., İstanbul Province, Turkey",2018-07-01,0,5,8,0
20311,913,"Istanbul, Turkey",2018-07-01,0,5,8,92
20382,4977,,2015-04-01,0,2,3,0
20382,4977,"İstanbul, Türkiye",2015-04-01,0,2,3,1371
20414,14584,"İstanbul, Türkiye",2012-07-01,0,5,6,0
20414,14584,"Istanbul, Turkey",2012-07-01,0,5,6,2375
20715,6803,"Denizli, Turkey",2019-08-01,1,1,2,0
20715,6803,,2019-08-01,1,1,2,-212
20732,1339,,2011-02-01,0,1,2,0
20732,1339,"Istanbul, Turkey",2011-02-01,0,1,2,2891
20771,1562,"Istanbul, Turkey",2012-12-01,0,1,2,0
20771,1562,,2012-12-01,0,1,2,2222
20772,913,"Istanbul, Turkey",2018-07-01,0,5,8,0
20772,913,"Muratçeşme Mah., İstanbul Province, Turkey",2018-07-01,0,5,8,92
20779,3001,"Istanbul, Turkey",2006-01-01,0,2,3,0
20779,3001,,2006-01-01,0,2,3,4748
20780,1562,,2012-12-01,0,1,2,0
20780,1562,"Istanbul, Turkey",2012-12-01,0,1,2,2222
20955,1805,,2010-01-01,0,3,4,0
20955,1805,"Istanbul, Turkey",2010-01-01,0,3,4,2588
20962,594,"Istanbul, Turkey",2013-03-01,0,2,3,0
20962,594,,2013-03-01,0,2,3,2132
20971,837,Gebze,2008-05-01,0,3,11,0
20971,837,"İstanbul, Türkiye",2008-05-01,0,3,11,153
20978,6474,,2018-09-01,0,5,6,0
20978,6474,"Istanbul, Turkey",2018-09-01,0,5,6,153
21026,594,,2013-03-01,0,2,3,0
21026,594,"Istanbul, Turkey",2013-03-01,0,2,3,2132
21269,1339,"Istanbul, Turkey",2011-02-01,0,1,2,0
21269,1339,,2011-02-01,0,1,2,2891
21276,837,Gebze,2008-05-01,0,3,11,0
21276,837,"İstanbul, Türkiye",2008-05-01,0,3,11,153
21289,6474,,2018-09-01,0,5,6,0
21289,6474,"Istanbul, Turkey",2018-09-01,0,5,6,0
21310,2278,"Istanbul, Turkey",1995-09-01,0,1,3,0
21310,2278,,1995-09-01,0,1,3,1583
21353,1805,,2010-01-01,0,3,4,0
21353,1805,"Istanbul, Turkey",2010-01-01,0,3,4,2588
21359,6474,"Istanbul, Turkey",2018-09-01,0,5,6,0
21359,6474,,2018-09-01,0,5,6,153
21369,1805,,2010-01-01,0,3,4,0
21369,1805,"Istanbul, Turkey",2010-01-01,0,3,4,2588
21370,6474,,2018-09-01,0,4,5,0
21370,6474,"Istanbul, Turkey",2018-09-01,0,4,5,122
21449,860,Turkey,2019-12-01,1,2,3,0
21449,860,,2019-12-01,1,2,3,-334
21481,1771,"İstanbul, Türkiye",2014-11-01,0,4,5,0
21481,1771,Istanbul,2014-11-01,0,4,5,1096
21527,1771,,2016-10-01,0,1,2,0
21527,1771,"İstanbul, Türkiye",2016-10-01,0,1,2,822
21532,923,,2014-11-01,0,3,4,0
21532,923,İÜ Teknokent,2014-11-01,0,3,4,365
21541,1805,,2010-01-01,0,3,4,0
21541,1805,"Istanbul, Turkey",2010-01-01,0,3,4,2588
21679,1771,Istanbul,2014-11-01,0,4,5,0
21679,1771,"İstanbul, Türkiye",2014-11-01,0,4,5,1096
21685,1805,,2010-01-01,0,3,4,0
21685,1805,"Istanbul, Turkey",2010-01-01,0,3,4,2588
21718,1805,"Istanbul, Turkey",2010-01-01,0,3,4,0
21718,1805,,2010-01-01,0,3,4,2588
21863,740,,2008-10-01,0,2,4,0
21863,740,"Ordu, Turkey",2008-10-01,0,2,4,3014
21916,913,"Istanbul, Turkey",2018-07-01,0,5,8,0
21916,913,"Muratçeşme Mah., İstanbul Province, Turkey",2018-07-01,0,5,8,92
21927,3001,,2006-01-01,0,2,3,0
21927,3001,"Istanbul, Turkey",2006-01-01,0,2,3,4748
22019,749,,2000-12-01,0,1,3,0
22019,749,"Istanbul, Turkey",2000-12-01,0,1,3,6087
22123,1771,Istanbul,2014-11-01,0,4,5,0
22123,1771,"İstanbul, Türkiye",2014-11-01,0,4,5,1096
22125,14188,,2018-04-01,0,3,4,0
22125,14188,"Odunpazarı, Eskişehir, Türkiye",2018-04-01,0,3,4,275
22189,740,,2008-10-01,0,2,4,0
22189,740,"Ordu, Turkey",2008-10-01,0,2,4,3014
22262,1771,"İstanbul, Türkiye",2014-11-01,0,4,5,0
22262,1771,Istanbul,2014-11-01,0,4,5,1096
22263,14188,,2018-04-01,0,3,4,0
22263,14188,"Odunpazarı, Eskişehir, Türkiye",2018-04-01,0,3,4,275
22630,15318,istanbul,2010-02-01,0,1,2,0
22630,15318,,2010-02-01,0,1,2,3256
22676,2828,,2019-02-01,1,3,4,0
22676,2828,"Istanbul, Turkey",2019-02-01,1,3,4,-31
22692,2828,,2019-02-01,1,3,4,0
22692,2828,"Istanbul, Turkey",2019-02-01,1,3,4,-31
22837,15248,"Kayseri, Turkey",2018-11-01,0,1,2,0
22837,15248,,2018-11-01,0,1,2,61
22854,1930,,2018-07-01,0,1,2,0
22854,1930,"İstanbul, Türkiye",2018-07-01,0,1,2,184
22941,41,"Konya, Turkey",2014-01-01,0,4,6,0
22941,41,,2014-01-01,0,4,6,1581
23266,15318,istanbul,2010-02-01,0,1,2,0
23266,15318,,2010-02-01,0,1,2,3256
23346,740,,2012-01-01,0,1,2,0
23346,740,"Kayseri, Turkey",2012-01-01,0,1,2,2557
23459,1322,,2019-03-01,1,4,6,0
23459,1322,"Ankara, Turkey",2019-03-01,1,4,6,-59
23706,751,,2017-07-01,0,1,2,0
23706,751,"İstanbul, Türkiye",2017-07-01,0,1,2,549
23741,751,"İstanbul, Türkiye",2017-07-01,0,1,2,0
23741,751,,2017-07-01,0,1,2,549
23746,563,"Kocaeli Area, Turkey",2002-10-01,0,5,12,0
23746,563,,2002-10-01,0,5,12,823
23790,751,,2017-07-01,0,1,2,0
23790,751,"İstanbul, Türkiye",2017-07-01,0,1,2,549
23893,751,,2017-07-01,0,1,2,0
23893,751,"İstanbul, Türkiye",2017-07-01,0,1,2,549
23894,10415,,2015-12-01,0,2,3,0
23894,10415,"Ankara, Turkey",2015-12-01,0,2,3,701
24464,4232,"Ankara, Türkiye",2011-02-01,0,6,8,0
24464,4232,,2011-02-01,0,6,8,700
24544,1926,"Ankara, Turkey",2010-02-01,0,3,6,0
24544,1926,"Yalova, Turkey",2010-02-01,0,3,6,1946
24587,751,,2017-07-01,0,1,2,0
24587,751,"İstanbul, Türkiye",2017-07-01,0,1,2,549
24612,11763,"İzmir, Türkiye",2013-12-01,0,1,2,0
24612,11763,"Izmir, Turkey",2013-12-01,0,1,2,1857
25554,3742,"Istanbul, Turkey",2004-01-01,0,1,2,0
25554,3742,"Eğitim Mah., İstanbul, Türkiye",2004-01-01,0,1,2,5479
25576,3742,"Eğitim Mah., İstanbul, Türkiye",2004-01-01,0,1,2,0
25576,3742,"Istanbul, Turkey",2004-01-01,0,1,2,5479
25580,3742,"Eğitim Mah., İstanbul, Türkiye",2004-01-01,0,1,2,0
25580,3742,"Istanbul, Turkey",2004-01-01,0,1,2,5479
25935,1872,"Istanbul, Turkey",2006-04-01,0,2,7,0
25935,1872,,2006-04-01,0,2,7,1644
26440,8707,,2015-03-01,0,2,3,0
26440,8707,"İstanbul, Türkiye",2015-03-01,0,2,3,1402
26804,3645,"İstanbul, Türkiye",2011-02-01,0,6,8,0
26804,3645,,2011-02-01,0,6,8,578
26826,1602,"Istanbul, Turkey",2018-03-01,0,6,7,0
26826,1602,,2018-03-01,0,6,7,426
26852,3645,,2011-02-01,0,6,8,0
26852,3645,"İstanbul, Türkiye",2011-02-01,0,6,8,578
26869,1602,,2018-03-01,0,5,6,0
26869,1602,"Istanbul, Turkey",2018-03-01,0,5,6,306
26887,1602,,2018-03-01,0,5,6,0
26887,1602,"Istanbul, Turkey",2018-03-01,0,5,6,306
26935,1602,"Istanbul, Turkey",2018-03-01,0,6,7,0
26935,1602,,2018-03-01,0,6,7,426
27104,1590,"Istanbul, Turkey",2015-04-01,0,4,5,0
27104,1590,,2015-04-01,0,4,5,1461
27211,17168,Türkiye,1997-06-01,0,4,6,0
27211,17168,,1997-06-01,0,4,6,4352
27232,340,"Istanbul, Turkey",2018-07-01,0,3,4,0
27232,340,,2018-07-01,0,3,4,123
27272,17195,Turkey,2014-09-01,0,4,5,0
27272,17195,,2014-09-01,0,4,5,822
27451,17269,"Istanbul, Turkey",2017-01-01,0,3,4,0
27451,17269,"İstanbul, Türkiye",2017-01-01,0,3,4,730
27548,17269,"Istanbul, Turkey",2017-01-01,0,3,4,0
27548,17269,"İstanbul, Türkiye",2017-01-01,0,3,4,730
27573,17168,,1997-06-01,0,6,8,0
27573,17168,Türkiye,1997-06-01,0,6,8,4352
27612,992,"Istanbul, Turkey",2016-08-01,0,6,8,0
27612,992,,2016-08-01,0,6,8,549
27642,789,"Istanbul, Turkey",2017-03-01,0,3,4,0
27642,789,,2017-03-01,0,3,4,671
27697,17168,Türkiye,1997-06-01,0,6,8,0
27697,17168,,1997-06-01,0,6,8,4352
27711,789,,2017-03-01,0,3,4,0
27711,789,"Istanbul, Turkey",2017-03-01,0,3,4,0
27729,17168,Türkiye,1997-06-01,0,4,6,0
27729,17168,,1997-06-01,0,4,6,4352
27742,17168,Türkiye,1997-06-01,0,4,6,0
27742,17168,,1997-06-01,0,4,6,4352
27780,992,,2016-08-01,0,6,8,0
27780,992,"Istanbul, Turkey",2016-08-01,0,6,8,549
27855,17386,Antakya,2019-02-01,1,3,5,0
27855,17386,"Hatay, Turkey",2019-02-01,1,3,5,-31
28315,1620,,2015-04-01,0,2,4,0
28315,1620,"İstanbul, Türkiye",2015-04-01,0,2,4,1340
28353,789,"Istanbul, Turkey",2017-03-01,0,3,4,0
28353,789,,2017-03-01,0,3,4,671
28372,1602,,2018-03-01,0,5,6,0
28372,1602,"Istanbul, Turkey",2018-03-01,0,5,6,306
28433,789,"Istanbul, Turkey",2017-03-01,0,3,4,0
28433,789,,2017-03-01,0,3,4,0
28461,1602,"Istanbul, Turkey",2018-03-01,0,6,7,0
28461,1602,,2018-03-01,0,6,7,426
28464,1602,"Istanbul, Turkey",2018-03-01,0,6,7,0
28464,1602,,2018-03-01,0,6,7,426
28488,1602,"Istanbul, Turkey",2018-03-01,0,6,7,0
28488,1602,,2018-03-01,0,6,7,426
28551,6975,,2015-05-01,0,2,4,0
28551,6975,Developer,2015-05-01,0,2,4,519
28551,1372,"Istanbul, Turkey",2016-10-01,0,2,4,0
28551,1372,,2016-10-01,0,2,4,822
28691,17168,,1997-06-01,0,6,8,0
28691,17168,Türkiye,1997-06-01,0,6,8,4352
28746,6975,,2015-05-01,0,2,4,0
28746,6975,Developer,2015-05-01,0,2,4,519
28746,1372,,2016-10-01,0,2,4,0
28746,1372,"Istanbul, Turkey",2016-10-01,0,2,4,822
28822,17168,Türkiye,1997-06-01,0,4,6,0
28822,17168,,1997-06-01,0,4,6,4352
28849,17168,,1997-06-01,0,6,8,0
28849,17168,Türkiye,1997-06-01,0,6,8,4352
28850,4546,Ankara,2019-05-01,1,4,6,0
28850,4546,,2019-05-01,1,4,6,-120
28861,4546,,2019-05-01,1,4,6,0
28861,4546,Ankara,2019-05-01,1,4,6,-120
28870,17168,,1997-06-01,0,6,8,0
28870,17168,Türkiye,1997-06-01,0,6,8,4352
28872,17168,Türkiye,1997-06-01,0,6,8,0
28872,17168,,1997-06-01,0,6,8,4352
29169,4546,Ankara,2019-05-01,1,4,6,0
29169,4546,,2019-05-01,1,4,6,-120
29175,4546,,2019-05-01,1,4,6,0
29175,4546,Ankara,2019-05-01,1,4,6,-120
29203,4913,"Istanbul, Turkey",2017-09-01,0,3,4,0
29203,4913,"İstanbul, Türkiye",2017-09-01,0,3,4,518
29228,2913,"Bebek Mah., İstanbul, Türkiye",2018-06-01,0,1,2,0
29228,2913,"Istanbul, Turkey",2018-06-01,0,1,2,214
29500,3001,,2006-01-01,0,2,3,0
29500,3001,"Istanbul, Turkey",2006-01-01,0,2,3,4748
29760,26,"İstanbul, Türkiye",2015-07-01,0,2,3,0
29760,26,Software Engineer,2015-07-01,0,2,3,1280
29992,4913,"İstanbul, Türkiye",2017-09-01,0,3,4,0
29992,4913,"Istanbul, Turkey",2017-09-01,0,3,4,518
30018,2278,,1995-09-01,0,1,3,0
30018,2278,"Istanbul, Turkey",1995-09-01,0,1,3,1583
30122,4913,"İstanbul, Türkiye",2017-09-01,0,2,3,0
30122,4913,"Istanbul, Turkey",2017-09-01,0,2,3,487
30556,4913,"İstanbul, Türkiye",2017-09-01,0,3,4,0
30556,4913,"Istanbul, Turkey",2017-09-01,0,3,4,518
30656,1602,,2018-03-01,0,6,7,0
30656,1602,"Istanbul, Turkey",2018-03-01,0,6,7,426
30712,1602,"Istanbul, Turkey",2018-03-01,0,5,6,0
30712,1602,,2018-03-01,0,5,6,306
30715,1602,,2018-03-01,0,6,7,0
30715,1602,"Istanbul, Turkey",2018-03-01,0,6,7,426
30723,1602,,2018-03-01,0,6,7,0
30723,1602,"Istanbul, Turkey",2018-03-01,0,6,7,426
30802,1805,,2015-08-01,0,1,2,0
30802,1805,ATATURK AIRPORT,2015-08-01,0,1,2,1249
30963,1900,,2010-09-01,0,6,8,0
30963,1900,Elektrik-Elektronik Fakültesi Kontrol Lab.,2010-09-01,0,6,8,669
31006,7751,"Çankaya, Ankara, Türkiye",2018-10-01,0,4,5,0
31006,7751,,2018-10-01,0,4,5,304
31040,3001,,2006-01-01,0,2,3,0
31040,3001,"Istanbul, Turkey",2006-01-01,0,2,3,4748
31117,749,"Istanbul, Turkey",2000-12-01,0,1,3,0
31117,749,,2000-12-01,0,1,3,6087
31221,951,"Istanbul, Turkey",2018-06-01,0,3,4,0
31221,951,,2018-06-01,0,3,4,214
31225,17168,Türkiye,1997-06-01,0,4,6,0
31225,17168,,1997-06-01,0,4,6,4352
31278,340,"Istanbul, Turkey",2008-02-01,0,1,2,0
31278,340,,2008-02-01,0,1,2,3987
31354,951,"Istanbul, Turkey",2018-06-01,0,3,4,0
31354,951,,2018-06-01,0,3,4,214
31380,18181,"Istanbul, Turkey",2018-01-01,0,4,5,0
31380,18181,,2018-01-01,0,4,5,577
31449,324,"Istanbul, Turkey",2014-11-01,0,5,7,0
31449,324,"İstanbul, Türkiye",2014-11-01,0,5,7,1522
31514,1858,,2000-03-01,0,1,3,0
31514,1858,"Çerkezköy, Tekirdağ",2000-03-01,0,1,3,4748
31559,17168,Türkiye,1997-06-01,0,6,8,0
31559,17168,,1997-06-01,0,6,8,4352
31568,749,"Istanbul, Turkey",2000-12-01,0,1,3,0
31568,749,,2000-12-01,0,1,3,6087
31570,992,,2016-08-01,0,6,8,0
31570,992,"Istanbul, Turkey",2016-08-01,0,6,8,549
31587,340,,2008-02-01,0,1,2,0
31587,340,"Istanbul, Turkey",2008-02-01,0,1,2,3987
31666,17168,Türkiye,1997-06-01,0,6,8,0
31666,17168,,1997-06-01,0,6,8,4352
31669,1858,,2000-03-01,0,1,3,0
31669,1858,"Çerkezköy, Tekirdağ",2000-03-01,0,1,3,4748
31700,17168,Türkiye,1997-06-01,0,6,8,0
31700,17168,,1997-06-01,0,6,8,4352
31707,17168,Türkiye,1997-06-01,0,6,8,0
31707,17168,,1997-06-01,0,6,8,4352
31713,992,,2016-08-01,0,6,8,0
31713,992,"Istanbul, Turkey",2016-08-01,0,6,8,549
31842,2408,ODTU/TEKNOKENT,2010-06-01,0,3,4,0
31842,2408,,2010-06-01,0,3,4,2526
31863,1074,,2013-03-01,0,2,3,0
31863,1074,"Manisa, Türkiye",2013-03-01,0,2,3,2132
31903,1074,"Manisa, Türkiye",2013-03-01,0,2,3,0
31903,1074,,2013-03-01,0,2,3,2132
32141,18537,,2018-03-01,0,6,7,0
32141,18537,"Balikesir, Turkey",2018-03-01,0,6,7,306
32206,18537,,2018-03-01,0,6,7,0
32206,18537,"Balikesir, Turkey",2018-03-01,0,6,7,306
32333,6273,Kalite güvence,2017-09-01,0,2,3,0
32333,6273,,2017-09-01,0,2,3,487
32349,6522,"Gebze, Kocaeli, Türkiye",2013-03-01,0,2,3,0
32349,6522,,2013-03-01,0,2,3,2132
32391,18617,"Istanbul, Turkey",2017-09-01,0,1,2,0
32391,18617,"İstanbul, Türkiye",2017-09-01,0,1,2,487
32412,18537,"Balikesir, Turkey",2018-03-01,0,6,7,0
32412,18537,,2018-03-01,0,6,7,306
32429,305,"İzmir, Türkiye",2013-09-01,0,5,6,0
32429,305,,2013-09-01,0,5,6,334
32473,3231,"Istanbul, Turkey",2006-05-01,0,1,3,0
32473,3231,,2006-05-01,0,1,3,3898
32505,18537,,2018-03-01,0,6,7,0
32505,18537,"Balikesir, Turkey",2018-03-01,0,6,7,306
32520,3231,"Istanbul, Turkey",2006-05-01,0,1,3,0
32520,3231,,2006-05-01,0,1,3,3898
32525,18617,"Istanbul, Turkey",2017-09-01,0,1,2,0
32525,18617,"İstanbul, Türkiye",2017-09-01,0,1,2,487
32771,8277,"Antalya, Türkiye",2010-02-01,0,5,6,0
32771,8277,,2010-02-01,0,5,6,2068
32815,1473,"Istanbul, Turkey",2018-01-01,0,1,3,0
32815,1473,,2018-01-01,0,1,3,365
32987,1496,"İstanbul, Türkiye",2006-01-01,0,3,5,0
32987,1496,,2006-01-01,0,3,5,2922
33038,305,"Istanbul, Turkey",2011-10-01,0,4,6,0
33038,305,İstanbul / Türkiye,2011-10-01,0,4,6,183
33052,7970,"Izmir, Turkey",2012-12-01,0,1,2,0
33052,7970,"İzmir, Türkiye",2012-12-01,0,1,2,2222
33142,1771,"İstanbul, Türkiye",2016-10-01,0,1,3,0
33142,1771,,2016-10-01,0,1,3,1126
33227,740,"Ankara, Turkey",2015-01-01,0,4,5,0
33227,740,IREG,2015-01-01,0,4,5,1461
33327,1074,,2013-03-01,0,2,3,0
33327,1074,"Manisa, Türkiye",2013-03-01,0,2,3,2132
33388,1074,,2013-03-01,0,2,3,0
33388,1074,"Manisa, Türkiye",2013-03-01,0,2,3,2132
33748,2645,"İstanbul, Türkiye",2018-07-01,0,4,5,0
33748,2645,,2018-07-01,0,4,5,184
33763,1830,"İstanbul, Türkiye",2019-08-01,1,3,5,0
33763,1830,Tasarım Stajyeri,2019-08-01,1,3,5,-212
33832,6718,QUALITY ASSURANCE SUPERVISIOR,2005-12-01,0,1,2,0
33832,6718,,2005-12-01,0,1,2,4779
34232,19249,,2009-07-01,0,5,6,0
34232,19249,"Istanbul, Turkey",2009-07-01,0,5,6,1645
34238,19249,"Istanbul, Turkey",2009-07-01,0,5,6,0
34238,19249,,2009-07-01,0,5,6,1645
34241,19249,"Istanbul, Turkey",2009-07-01,0,5,6,0
34241,19249,,2009-07-01,0,5,6,1645
34242,19249,"Istanbul, Turkey",2009-07-01,0,5,6,0
34242,19249,,2009-07-01,0,5,6,1645
34410,19249,,2009-07-01,0,5,6,0
34410,19249,"Istanbul, Turkey",2009-07-01,0,5,6,1645
34483,19249,,2009-07-01,0,4,5,0
34483,19249,"Istanbul, Turkey",2009-07-01,0,4,5,1645
34537,19249,,2009-07-01,0,5,6,0
34537,19249,"Istanbul, Turkey",2009-07-01,0,5,6,1645
34566,19249,,2009-07-01,0,5,6,0
34566,19249,"Istanbul, Turkey",2009-07-01,0,5,6,1645
34657,19249,,2009-07-01,0,5,6,0
34657,19249,"Istanbul, Turkey",2009-07-01,0,5,6,1645
34672,2487,"Istanbul, Turkey",2015-08-01,0,1,2,0
34672,2487,,2015-08-01,0,1,2,1249
34948,13814,"Istanbul, Turkey",2016-06-01,0,4,5,0
34948,13814,"İstanbul, Türkiye",2016-06-01,0,4,5,760
35045,4155,"Istanbul, Turkey",2014-09-01,0,2,3,0
35045,4155,"İstanbul, Türkiye",2014-09-01,0,2,3,1583
35046,19249,,2009-07-01,0,5,6,0
35046,19249,"Istanbul, Turkey",2009-07-01,0,5,6,1645
35096,806,,2010-06-01,0,3,6,0
35096,806,"Izmir, Turkey",2010-06-01,0,3,6,426
35249,19249,,2009-07-01,0,4,5,0
35249,19249,"Istanbul, Turkey",2009-07-01,0,4,5,1645
35258,19249,,2009-07-01,0,4,5,0
35258,19249,"Istanbul, Turkey",2009-07-01,0,4,5,1645
35275,13814,"Istanbul, Turkey",2016-06-01,0,4,5,0
35275,13814,"İstanbul, Türkiye",2016-06-01,0,4,5,760
35433,174,İstanbul,2016-07-01,0,1,2,0
35433,174,,2016-07-01,0,1,2,914
35438,3607,"İstanbul, Türkiye",2019-05-01,1,2,4,0
35438,3607,İstanbul,2019-05-01,1,2,4,-120
35503,4484,"Istanbul, Turkey",2002-09-01,0,1,2,0
35503,4484,,2002-09-01,0,1,2,5966
35524,2742,"İstanbul, Türkiye",2017-11-01,0,3,5,0
35524,2742,"Istanbul, Turkey",2017-11-01,0,3,5,426
35756,34,"Ankara, Türkiye",2016-01-01,0,3,5,0
35756,34,"Ankara, Turkey",2016-01-01,0,3,5,943
35802,4484,,2002-09-01,0,1,2,0
35802,4484,"Istanbul, Turkey",2002-09-01,0,1,2,5966
35991,10706,Türkiye,2018-09-01,0,1,2,0
35991,10706,"Istanbul, Turkey",2018-09-01,0,1,2,122
36100,199,Albaraka Türk,2017-12-01,0,3,4,0
36100,199,"Istanbul, Turkey",2017-12-01,0,3,4,396
36273,4686,"Istanbul, Turkey",2012-06-01,0,7,8,0
36273,4686,,2012-06-01,0,7,8,579
36590,1480,"Istanbul, Turkey",2018-09-01,0,2,5,0
36590,1480,,2018-09-01,0,2,5,122
36672,806,,2010-06-01,0,3,6,0
36672,806,"Izmir, Turkey",2010-06-01,0,3,6,426
36739,1480,,2018-09-01,0,2,5,0
36739,1480,"Istanbul, Turkey",2018-09-01,0,2,5,122
36950,1456,,2017-06-01,0,6,7,0
36950,1456,"Istanbul, Turkey",2017-06-01,0,6,7,579
37280,305,"Istanbul, Turkey",2018-06-01,0,1,4,0
37280,305,,2018-06-01,0,1,4,214
37302,8889,Turkey,2016-02-01,0,6,8,0
37302,8889,,2016-02-01,0,6,8,182
37463,1615,"Istanbul, Turkey",2010-12-01,0,9,10,0
37463,1615,,2010-12-01,0,9,10,670
37517,305,"Istanbul, Turkey",2018-06-01,0,1,4,0
37517,305,,2018-06-01,0,1,4,214
37554,1456,,2012-07-01,0,3,5,0
37554,1456,Kıdemli Müdendis,2012-07-01,0,3,5,580
37659,305,,2018-06-01,0,1,4,0
37659,305,"Istanbul, Turkey",2018-06-01,0,1,4,214
37966,439,,2016-05-01,0,2,3,0
37966,439,İstanbul,2016-05-01,0,2,3,975
38233,35,"Istanbul, Turkey",2015-06-01,0,4,6,0
38233,35,,2015-06-01,0,4,6,488
38345,1074,"Izmir, Turkey",2019-05-01,1,2,3,0
38345,1074,"Mesir, Yunusemre, Manisa, Turkey",2019-05-01,1,2,3,-120
38454,944,Sabancı center,1998-09-01,0,2,4,0
38454,944,,1998-09-01,0,2,4,6513
38488,726,"Istanbul, Turkey",2019-08-01,1,2,3,0
38488,726,,2019-08-01,1,2,3,-212
38489,1805,"Istanbul, Turkey",1998-06-01,0,1,2,0
38489,1805,,1998-06-01,0,1,2,7519
38680,14310,,2010-02-01,0,5,7,0
38680,5367,"Istanbul, Turkey",2010-02-01,0,5,7,0
38680,5367,,2010-02-01,0,5,7,0
38680,14310,"Istanbul, Turkey",2010-02-01,0,5,7,699
38737,324,"İstanbul, Türkiye",2014-11-01,0,5,7,0
38737,324,"Istanbul, Turkey",2014-11-01,0,5,7,1522
38944,4209,"Kars, Turkey",2014-01-01,0,1,2,0
38944,4209,"Tekirdag, Turkey",2014-01-01,0,1,2,1826
39220,20621,Kuşadası,2019-07-01,1,1,3,0
39220,20621,,2019-07-01,1,1,3,-181
39236,20621,Kuşadası,2019-07-01,1,1,3,0
39236,20621,,2019-07-01,1,1,3,-181
39428,990,İstanbul Teknopark,2017-01-01,0,3,6,0
39428,990,,2017-01-01,0,3,6,365
39543,20740,"Sakarya, Türkiye",2014-06-01,0,1,2,0
39543,20740,,2014-06-01,0,1,2,1675
39704,19592,"Bağcılar, İstanbul, Türkiye",2019-09-01,1,3,5,0
39704,19592,,2019-09-01,1,3,5,-243
39802,4229,"Istanbul, Turkey",2016-09-01,0,4,6,0
39802,4229,"İstanbul, Türkiye",2016-09-01,0,4,6,426
39882,3260,"İstanbul, Türkiye",2010-01-01,0,5,7,0
39882,3260,,2010-01-01,0,5,7,1004
40248,1549,"Istanbul, Turkey",2013-07-01,0,3,4,0
40248,1549,Network,2013-07-01,0,3,4,184
40382,153,,2008-11-01,0,3,4,0
40382,153,"İstanbul, Türkiye",2008-11-01,0,3,4,2311
40562,2640,,2013-01-01,0,1,2,0
40562,2640,"Istanbul, Turkey",2013-01-01,0,1,2,2191
40571,3451,İstanbul Province,2017-04-01,0,1,2,0
40571,3451,İstanbul,2017-04-01,0,1,2,640
40660,153,"İstanbul, Türkiye",2008-11-01,0,3,4,0
40660,153,,2008-11-01,0,3,4,2311
40767,5283,"Istanbul, Turkey",2014-07-01,0,3,5,0
40767,5283,,2014-07-01,0,3,5,184
40808,6149,,2018-06-01,0,4,5,0
40808,6149,"Maslak Mah., İstanbul, Türkiye",2018-06-01,0,4,5,183
40896,153,"İstanbul, Türkiye",2008-11-01,0,3,4,0
40896,153,,2008-11-01,0,3,4,2311
41006,19911,"Istanbul, Turkey",2016-01-01,0,2,3,0
41006,19911,,2016-01-01,0,2,3,1096
41048,153,"İstanbul, Türkiye",2008-11-01,0,3,4,0
41048,153,,2008-11-01,0,3,4,2311
41733,2363,,2013-12-01,0,1,2,0
41733,2363,"Sakarya, Türkiye",2013-12-01,0,1,2,1857
41774,480,"Sakarya, Turkey",2016-05-01,0,2,3,0
41774,480,Sakarya,2016-05-01,0,2,3,0
41938,1615,"Ataşehir, İstanbul, Türkiye",2016-01-01,0,1,3,0
41938,1615,"İstanbul, Türkiye",2016-01-01,0,1,3,366
42120,1771,"Istanbul, Turkey",2002-08-01,0,1,3,0
42120,1771,Sultanbeyli İstanbul,2002-08-01,0,1,3,884
42157,439,,2019-03-01,1,3,4,0
42157,439,"Istanbul, Turkey",2019-03-01,1,3,4,-59
42169,480,"Sakarya, Turkey",2016-05-01,0,2,3,0
42169,480,Sakarya,2016-05-01,0,2,3,0
42235,1771,Sultanbeyli İstanbul,2002-08-01,0,1,3,0
42235,1771,"Istanbul, Turkey",2002-08-01,0,1,3,884
42488,749,"Istanbul, Turkey",2016-01-01,0,1,3,0
42488,749,Istan,2016-01-01,0,1,3,1096
42654,4209,"Tekirdag, Turkey",2014-01-01,0,1,2,0
42654,4209,"Kars, Turkey",2014-01-01,0,1,2,1826
42753,1525,"Istanbul, Turkey",2011-08-01,0,1,3,0
42753,1525,ümraniye,2011-08-01,0,1,3,2526
42864,1525,ümraniye,2011-08-01,0,1,3,0
42864,1525,"Istanbul, Turkey",2011-08-01,0,1,3,2526
43214,10985,"Izmir, Turkey",2012-08-01,0,1,2,0
43214,10985,"İzmir, Türkiye",2012-08-01,0,1,2,2344
43254,10601,"Izmir, Turkey",2019-09-01,1,6,9,0
43254,10601,Turkey,2019-09-01,1,6,9,-243
43259,7734,"Ankara, Turkey",2017-09-01,0,3,4,0
43259,7734,Turkey,2017-09-01,0,3,4,487
43335,890,,2018-07-01,0,2,4,0
43335,890,"İzmir, Türkiye",2018-07-01,0,2,4,0
43335,890,"Izmir, Turkey",2018-07-01,0,2,4,184
43477,7734,Turkey,2017-09-01,0,3,4,0
43477,7734,"Ankara, Turkey",2017-09-01,0,3,4,487
43700,21880,"İstanbul, Türkiye",2013-07-01,0,2,4,0
43700,21880,Istanbul/Turkey,2013-07-01,0,2,4,153
43940,21880,"İstanbul, Türkiye",2013-07-01,0,2,4,0
43940,21880,Istanbul/Turkey,2013-07-01,0,2,4,153
43979,1423,İzmir,2019-09-01,1,4,5,0
43979,1423,"Izmir, Turkey",2019-09-01,1,4,5,-243
44051,8053,"Izmir, Turkey",2009-02-01,0,1,2,0
44051,8053,,2009-02-01,0,1,2,3621
44158,8304,"Çankaya, Ankara, Türkiye",2018-01-01,0,1,2,0
44158,8304,"Gölbaşı, Ankara, Türkiye",2018-01-01,0,1,2,365
44405,22056,"Izmir, Turkey",2017-04-01,0,4,9,0
44405,22056,,2017-04-01,0,4,9,579
44840,24,"Kocaeli, Turkey",2018-03-01,0,1,3,0
44840,24,"İstanbul, Türkiye",2018-03-01,0,1,3,306
44888,34,,2012-08-01,0,2,3,0
44888,34,"Ankara, Turkey",2012-08-01,0,2,3,2069
44946,18830,"Tekirdag, Turkey",2017-10-01,0,2,3,0
44946,18830,Çerkezköy,2017-10-01,0,2,3,457
45231,439,,2015-05-01,0,2,4,0
45231,439,"İstanbul, Türkiye",2015-05-01,0,2,4,31
45348,6073,"İzmir, Türkiye",2014-01-01,0,2,3,0
45348,6073,,2014-01-01,0,2,3,1826
45557,439,,2015-05-01,0,2,4,0
45557,439,"İstanbul, Türkiye",2015-05-01,0,2,4,31
45660,22234,"Izmir, Turkey",2018-01-01,0,2,3,0
45660,22234,"Alexandria, Egypt",2018-01-01,0,2,3,365
45692,6073,"İzmir, Türkiye",2014-01-01,0,2,3,0
45692,6073,,2014-01-01,0,2,3,1826
45970,2409,"Eskişehir, Turkey",2011-02-01,0,2,3,0
45970,2409,Eskişehir,2011-02-01,0,2,3,2891
46025,2409,"Eskişehir, Turkey",2011-02-01,0,2,3,0
46025,2409,Eskişehir,2011-02-01,0,2,3,2891
46167,22385,Nilüfer,2019-07-01,1,1,2,0
46167,22385,"Nilüfer, Bursa, Türkiye",2019-07-01,1,1,2,-181
46176,22385,Nilüfer,2019-07-01,1,1,2,0
46176,22385,"Nilüfer, Bursa, Türkiye",2019-07-01,1,1,2,-181
47041,146,,2017-08-01,0,2,3,0
47041,146,İstanbul,2017-08-01,0,2,3,518
47071,4541,"Ankara, Türkiye",2009-09-01,0,2,5,0
47071,4541,,2009-09-01,0,2,5,0
47071,4541,"Ankara, Turkey",2009-09-01,0,2,5,3409
47083,146,İstanbul,2017-08-01,0,2,3,0
47083,146,,2017-08-01,0,2,3,518
47172,4541,,2009-09-01,0,2,5,0
47172,4541,"Ankara, Türkiye",2009-09-01,0,2,5,0
47172,4541,"Ankara, Turkey",2009-09-01,0,2,5,3409
47444,22959,,2012-05-01,0,1,2,0
47444,22959,Ankara,2012-05-01,0,1,2,2436
47516,22959,Ankara,2012-05-01,0,1,2,0
47516,22959,,2012-05-01,0,1,2,2436
47703,23042,Karabuk,2016-10-01,0,4,5,0
47703,23042,,2016-10-01,0,4,5,608
47739,23042,Karabuk,2016-10-01,0,4,5,0
47739,23042,,2016-10-01,0,4,5,608
47795,23042,Karabuk,2016-10-01,0,4,5,0
47795,23042,,2016-10-01,0,4,5,608
47816,3903,"Trabzon, Türkiye",2017-03-01,0,2,3,0
47816,3903,"Trabzon, Turkey",2017-03-01,0,2,3,671
47891,23042,,2016-10-01,0,4,5,0
47891,23042,Karabuk,2016-10-01,0,4,5,608
47943,23042,Karabuk,2016-10-01,0,4,5,0
47943,23042,,2016-10-01,0,4,5,608
47954,305,,2017-02-01,0,10,12,0
47954,305,"Ankara, Turkey",2017-02-01,0,10,12,89
47964,23042,Karabuk,2016-10-01,0,4,5,0
47964,23042,,2016-10-01,0,4,5,608
47978,4541,"Ankara, Turkey",2013-09-01,0,2,3,0
47978,4541,"Ankara, Türkiye",2013-09-01,0,2,3,1461
47996,5692,"Istanbul, Turkey",2013-07-01,0,1,3,0
47996,5692,Otokoç Otomotiv Software Engineering Full Stack Devops,2013-07-01,0,1,3,2222
48021,4541,"Ankara, Turkey",2013-09-01,0,2,3,0
48021,4541,"Ankara, Türkiye",2013-09-01,0,2,3,1461
48077,839,"Erzurum, Türkiye",2005-08-01,0,1,3,0
48077,839,Ankara,2005-08-01,0,1,3,365
48140,34,"Ankara, Turkey",2017-10-01,0,3,4,0
48140,34,ODTÜ Teknokent,2017-10-01,0,3,4,457
48278,4541,"Ankara, Türkiye",2009-09-01,0,2,5,0
48278,4541,"Ankara, Turkey",2009-09-01,0,2,5,0
48278,4541,,2009-09-01,0,2,5,3409
48279,1338,"Düzce, Türkiye",2014-09-01,0,3,5,0
48279,1338,Öğrenci Temsilciliği,2014-09-01,0,3,5,153
48341,305,,2017-02-01,0,10,12,0
48341,305,"Ankara, Turkey",2017-02-01,0,10,12,89
48350,89,"Ankara, Türkiye",2015-03-01,0,5,7,0
48350,89,"Ankara, Turkey",2015-03-01,0,5,7,1402
48351,207,"Ankara, Turkey",2018-02-01,0,2,5,0
48351,207,,2018-02-01,0,2,5,334
48352,305,"Ankara, Turkey",2015-02-01,0,2,3,0
48352,305,Ankara,2015-02-01,0,2,3,1430
48361,34,ODTÜ Teknokent,2017-10-01,0,3,4,0
48361,34,"Ankara, Turkey",2017-10-01,0,3,4,457
48396,199,,2003-07-01,0,1,6,0
48396,199,"İstanbul, Türkiye",2003-07-01,0,1,6,550
48399,4541,"Ankara, Turkey",2009-09-01,0,2,5,0
48399,4541,"Ankara, Türkiye",2009-09-01,0,2,5,0
48399,4541,,2009-09-01,0,2,5,3409
48409,1338,"Düzce, Türkiye",2014-09-01,0,3,5,0
48409,1338,Öğrenci Temsilciliği,2014-09-01,0,3,5,153
48452,4805,,2019-04-01,1,7,9,0
48452,4805,"Ankara, Turkey",2019-04-01,1,7,9,153
48559,5036,"Ankara, Turkey",2018-06-01,0,4,5,0
48559,5036,Ankara,2018-06-01,0,4,5,395
48760,19878,Şişli,2012-03-01,0,4,6,0
48760,19878,"Şişli, İstanbul",2012-03-01,0,4,6,1401
48768,88,,2009-02-01,0,2,6,0
48768,88,Ankara,2009-02-01,0,2,6,1854
48794,4805,,2019-04-01,1,7,9,0
48794,4805,"Ankara, Turkey",2019-04-01,1,7,9,153
48818,88,,2008-07-01,0,1,3,0
48818,88,"Ankara, Türkiye",2008-07-01,0,1,3,3075
48828,4805,,2019-04-01,1,7,9,0
48828,4805,"Ankara, Turkey",2019-04-01,1,7,9,153
48842,23256,"Ankara, Turkey",2017-06-01,0,2,3,0
48842,23256,"Ankara, Türkiye",2017-06-01,0,2,3,579
48910,23,"Ankara, Turkey",2017-02-01,0,1,2,0
48910,23,Ankara,2017-02-01,0,1,2,699
49080,8574,"ODTU, Ankara",2009-07-01,0,5,9,0
49080,8574,"Oran, Ankara",2009-07-01,0,5,9,580
49191,20636,"Kocaeli, Turkey",2018-07-01,0,3,4,0
49191,20636,,2018-07-01,0,3,4,184
49613,21495,,2009-06-01,0,3,5,0
49613,21495,"Ankara, Turkey",2009-06-01,0,3,5,395
49693,3298,,2016-09-01,0,4,7,0
49693,3298,"Istanbul, Turkey",2016-09-01,0,4,7,699
49715,1643,"İstanbul, Türkiye",2015-12-01,0,2,5,0
49715,1643,"Istanbul, Turkey",2015-12-01,0,2,5,1127
50057,3298,"Istanbul, Turkey",2016-09-01,0,1,2,0
50057,3298,"İstanbul,Turkey",2016-09-01,0,1,2,852
50065,1480,,2018-09-01,0,2,5,0
50065,1480,"Istanbul, Turkey",2018-09-01,0,2,5,122
50105,1480,"Istanbul, Turkey",2018-09-01,0,2,5,0
50105,1480,,2018-09-01,0,2,5,122
50215,3298,,2014-09-01,0,5,6,0
50215,3298,"Istanbul, Turkey",2014-09-01,0,5,6,212
50219,2278,"Istanbul, Turkey",1995-09-01,0,1,3,0
50219,2278,,1995-09-01,0,1,3,1583
51077,3757,"Istanbul, Turkey",2019-07-01,1,1,2,0
51077,3757,,2019-07-01,1,1,2,-181
51143,1731,,2017-07-01,0,6,8,0
51143,1731,"Istanbul, Turkey",2017-07-01,0,6,8,549
51501,21880,"İstanbul, Türkiye",2013-07-01,0,2,4,0
51501,21880,Istanbul/Turkey,2013-07-01,0,2,4,153
51513,338,"Izmir, Turkey",2014-06-01,0,3,4,0
51513,338,"İzmir, Türkiye",2014-06-01,0,3,4,1675
51521,709,,2013-07-01,0,5,7,0
51521,709,"İstanbul, Türkiye",2013-07-01,0,5,7,518
51536,24160,"Istanbul, Turkey",2018-04-01,0,2,3,0
51536,24160,,2018-04-01,0,2,3,275
51667,1339,"Istanbul, Turkey",2011-02-01,0,1,2,0
51667,1339,,2011-02-01,0,1,2,2891
51668,744,Yenikoy Merkez Mahallesi Vatan Caddesi  KOU Teknopark No: 83/A-6 41275 Başiskele,2013-04-01,0,1,3,0
51668,744,"Kocaeli, Turkey",2013-04-01,0,1,3,2252
51679,35,"Istanbul, Turkey",2015-12-01,0,5,6,0
51679,35,"İstanbul, Türkiye",2015-12-01,0,5,6,1370
51691,14821,"İstanbul, Türkiye",2014-06-01,0,1,2,0
51691,14821,"Istanbul, Turkey",2014-06-01,0,1,2,1675
51704,942,,2015-03-01,0,4,5,0
51704,942,"İstanbul, Türkiye",2015-03-01,0,4,5,1402
51730,744,Yenikoy Merkez Mahallesi Vatan Caddesi  KOU Teknopark No: 83/A-6 41275 Başiskele,2013-04-01,0,1,3,0
51730,744,"Kocaeli, Turkey",2013-04-01,0,1,3,2252
51755,1339,"Istanbul, Turkey",2011-02-01,0,1,2,0
51755,1339,,2011-02-01,0,1,2,2891
51799,21880,Istanbul/Turkey,2013-07-01,0,2,4,0
51799,21880,"İstanbul, Türkiye",2013-07-01,0,2,4,153
51819,11499,,2017-10-01,0,4,6,0
51819,11499,"Kirklareli, Turkey",2017-10-01,0,4,6,457
51821,10706,"Istanbul, Turkey",2018-09-01,0,1,2,0
51821,10706,Türkiye,2018-09-01,0,1,2,122
51822,4700,"Istanbul, Turkey",2017-08-01,0,1,2,0
51822,4700,,2017-08-01,0,1,2,518
51863,6718,,2005-12-01,0,1,2,0
51863,6718,QUALITY ASSURANCE SUPERVISIOR,2005-12-01,0,1,2,4779
52036,439,"Kocaeli, Türkiye",2016-02-01,0,2,3,0
52036,439,,2016-02-01,0,2,3,1065
52052,850,"Istanbul, Turkey",2007-11-01,0,2,8,0
52052,850,Turkey,2007-11-01,0,2,8,1004
52061,4700,"Istanbul, Turkey",2017-08-01,0,1,2,0
52061,4700,,2017-08-01,0,1,2,518
52068,439,,2016-02-01,0,2,3,0
52068,439,"Kocaeli, Türkiye",2016-02-01,0,2,3,1065
52323,24298,,2016-09-01,0,3,4,0
52323,24298,"Istanbul, Turkey",2016-09-01,0,3,4,942
52379,23736,,2015-11-01,0,1,2,0
52379,23736,Ereğli,2015-11-01,0,1,2,1157
52572,740,Linux Sitem Uzmanı,2010-09-01,0,4,5,0
52572,740,,2010-09-01,0,4,5,1522
52574,2402,"Istanbul, Turkey",2016-01-01,0,2,3,0
52574,2402,,2016-01-01,0,2,3,1308
52668,1590,,2017-09-01,0,1,4,0
52668,1590,"Istanbul, Turkey",2017-09-01,0,1,4,518
52720,1339,,2011-02-01,0,1,2,0
52720,1339,"Istanbul, Turkey",2011-02-01,0,1,2,2891
52775,4059,,2018-07-01,0,3,4,0
52775,4059,"Bursa, Turkey",2018-07-01,0,3,4,184
52802,1756,"Istanbul, Turkey",2019-02-01,1,3,4,0
52802,1756,,2019-02-01,1,3,4,-31
52934,7396,Cut Section Analyst,2004-04-01,0,1,2,0
52934,7396,Türkiye,2004-04-01,0,1,2,5388
52954,441,"Istanbul, Turkey",2016-11-01,0,3,4,0
52954,441,Istanbul Turkey,2016-11-01,0,3,4,791
52974,839,"Ankara, Turkey",2014-11-01,0,7,8,0
52974,839,Ministry  Of Transport Maritime and Comminication,2014-11-01,0,7,8,1522
52987,1731,,2017-07-01,0,6,8,0
52987,1731,"Istanbul, Turkey",2017-07-01,0,6,8,549
53085,7396,Cut Section Analyst,2004-04-01,0,1,2,0
53085,7396,Türkiye,2004-04-01,0,1,2,5388
53174,1590,,2017-09-01,0,1,4,0
53174,1590,"Istanbul, Turkey",2017-09-01,0,1,4,518
53180,1339,,2011-02-01,0,1,2,0
53180,1339,"Istanbul, Turkey",2011-02-01,0,1,2,2891
53197,839,Ministry  Of Transport Maritime and Comminication,2014-11-01,0,7,8,0
53197,839,"Ankara, Turkey",2014-11-01,0,7,8,1522
53563,439,,2016-02-01,0,2,3,0
53563,439,"Kocaeli, Türkiye",2016-02-01,0,2,3,1065
53679,1858,"Tekirdag, Turkey",2019-04-01,1,3,4,0
53679,1858,,2019-04-01,1,3,4,-90
53888,740,İstanbul/Türkiye,2000-03-01,0,1,2,0
53888,740,"İstanbul, Türkiye",2000-03-01,0,1,2,6880
53893,7072,"Istanbul, Turkey",2011-11-01,0,2,3,0
53893,7072,Eaton Corporation,2011-11-01,0,2,3,2618
53958,7072,Eaton Corporation,2011-11-01,0,2,3,0
53958,7072,"Istanbul, Turkey",2011-11-01,0,2,3,2618
54015,740,"İstanbul, Türkiye",2000-03-01,0,1,2,0
54015,740,İstanbul/Türkiye,2000-03-01,0,1,2,6880
54082,439,"Kocaeli, Türkiye",2016-02-01,0,2,3,0
54082,439,,2016-02-01,0,2,3,1065
54914,3372,"İstanbul, Türkiye",2018-12-01,0,3,7,0
54914,3372,"Istanbul, Turkey",2018-12-01,0,3,7,31
54922,3372,"Istanbul, Turkey",2018-12-01,0,3,7,0
54922,3372,"İstanbul, Türkiye",2018-12-01,0,3,7,31
54968,24744,"Konya, Turkey",2019-04-01,1,2,3,0
54968,24744,,2019-04-01,1,2,3,-90
55024,24793,"Konya, Türkiye",2019-06-01,1,1,2,0
55024,24793,"Büyükkayacık Mah. 101. Cadde D BLOK 6/A, 42250 Selçuklu/Konya",2019-06-01,1,1,2,-151
55140,563,,2015-07-01,0,2,4,0
55140,563,"Ankara, Türkiye",2015-07-01,0,2,4,397
55143,2227,"Istanbul, Istanbul, Turkey",2019-06-01,1,3,5,0
55143,2227,United States,2019-06-01,1,3,5,-151
55348,23183,,2006-01-01,0,1,2,0
55348,23183,"Antalya, Turkey",2006-01-01,0,1,2,4748
55434,23183,,2006-01-01,0,1,2,0
55434,23183,"Antalya, Turkey",2006-01-01,0,1,2,4748
55441,23183,"Antalya, Turkey",2006-01-01,0,1,2,0
55441,23183,,2006-01-01,0,1,2,4748
55481,24989,,2016-11-01,0,1,2,0
55481,24989,"Ankara, Turkey",2016-11-01,0,1,2,791
55517,1681,"İstanbul, Türkiye",2017-03-01,0,1,2,0
55517,1681,,2017-03-01,0,1,2,671
55686,24989,"Ankara, Turkey",2016-11-01,0,1,2,0
55686,24989,,2016-11-01,0,1,2,791
55732,24989,"Ankara, Turkey",2016-11-01,0,1,2,0
55732,24989,,2016-11-01,0,1,2,791
55745,5965,,2017-09-01,0,3,4,0
55745,5965,"Ankara, Turkey",2017-09-01,0,3,4,487
55810,1096,"Arnavutköy, İstanbul, Türkiye",2018-10-01,0,2,3,0
55810,1096,İstanbul,2018-10-01,0,2,3,92
55866,25094,"Kocaeli, Türkiye",2012-12-01,0,1,2,0
55866,25094,,2012-12-01,0,1,2,2222
55908,5965,,2017-09-01,0,3,4,0
55908,5965,"Ankara, Turkey",2017-09-01,0,3,4,487
55922,25094,,2012-12-01,0,1,2,0
55922,25094,"Kocaeli, Türkiye",2012-12-01,0,1,2,2222
55961,740,"Erzurum, Türkiye",2014-06-01,0,2,4,0
55961,740,"Erzurum, Turkey",2014-06-01,0,2,4,1644
55961,268,,2018-12-01,0,2,4,0
55961,268,"Istanbul, Turkey",2018-12-01,0,2,4,31
56035,5965,"Ankara, Turkey",2017-09-01,0,3,4,0
56035,5965,,2017-09-01,0,3,4,487
56058,1362,,2019-12-01,1,2,3,0
56058,1362,"Malatya, Turkey",2019-12-01,1,2,3,-334
56207,1057,"İstanbul, Türkiye",2017-02-01,0,4,6,0
56207,1057,"Istanbul, Turkey",2017-02-01,0,4,6,911
56283,5965,"Ankara, Turkey",2017-09-01,0,3,4,0
56283,5965,,2017-09-01,0,3,4,487
56342,4983,,2017-09-01,0,1,2,0
56342,4983,"Yenimahalle, Ankara, Türkiye",2017-09-01,0,1,2,487
56381,25233,,2013-07-01,0,5,7,0
56381,25233,"Ankara, Türkiye",2013-07-01,0,5,7,153
56899,441,,2018-03-01,0,3,4,0
56899,441,"Istanbul, Turkey",2018-03-01,0,3,4,306
57048,14135,,2018-01-01,0,5,7,0
57048,14135,"Ankara, Turkey",2018-01-01,0,5,7,181
57073,3034,"Ankara, Türkiye",2019-01-01,1,3,4,0
57073,3034,"Ankara, Turkey",2019-01-01,1,3,4,0
57145,3034,"Ankara, Turkey",2019-01-01,1,3,4,0
57145,3034,"Ankara, Türkiye",2019-01-01,1,3,4,0
57486,4963,Merzifon,2009-09-01,0,4,5,0
57486,4963,,2009-09-01,0,4,5,3409
57552,4963,Merzifon,2009-09-01,0,4,5,0
57552,4963,,2009-09-01,0,4,5,3409
57739,88,"Ankara, Turkey",2012-06-01,0,2,6,0
57739,88,,2012-06-01,0,2,6,579
57760,88,"Ankara, Turkey",2012-06-01,0,2,6,0
57760,88,,2012-06-01,0,2,6,579
57784,88,,2012-06-01,0,2,6,0
57784,88,"Ankara, Turkey",2012-06-01,0,2,6,579
57804,314,"Istanbul, Turkey",2017-09-01,0,2,3,0
57804,314,,2017-09-01,0,2,3,487
57916,6514,Antalya - Turkey,2019-04-01,1,2,3,0
57916,6514,"Antalya, Turkey",2019-04-01,1,2,3,-90
57954,7117,,2018-11-01,0,4,5,0
57954,7117,Turkey,2018-11-01,0,4,5,61
57985,314,"Istanbul, Turkey",2017-09-01,0,2,3,0
57985,314,,2017-09-01,0,2,3,487
57990,6514,"Antalya, Turkey",2019-04-01,1,2,3,0
57990,6514,Antalya - Turkey,2019-04-01,1,2,3,-90
58004,7117,,2018-11-01,0,4,5,0
58004,7117,Turkey,2018-11-01,0,4,5,61
58175,749,"Istanbul, Turkey",2000-12-01,0,1,3,0
58175,749,,2000-12-01,0,1,3,6087
58212,1411,"Istanbul, Turkey",2014-05-01,0,6,7,0
58212,1411,,2014-05-01,0,6,7,1492
58226,14188,"Odunpazarı, Eskişehir, Türkiye",2018-04-01,0,3,4,0
58226,14188,,2018-04-01,0,3,4,275
58527,806,,2010-06-01,0,3,6,0
58527,806,"Izmir, Turkey",2010-06-01,0,3,6,426
58922,5809,,2017-10-01,0,1,2,0
58922,5809,"Izmir, Turkey",2017-10-01,0,1,2,457
58949,1926,"İzmir, Türkiye",2012-08-01,0,1,4,0
58949,1926,İzmir,2012-08-01,0,1,4,1826
59074,740,,2012-02-01,0,5,6,0
59074,740,ISTANBUL,2012-02-01,0,5,6,2008
59115,740,,2012-02-01,0,5,6,0
59115,740,ISTANBUL,2012-02-01,0,5,6,2008
59358,740,,2012-02-01,0,5,6,0
59358,740,ISTANBUL,2012-02-01,0,5,6,2008
59487,22234,"Alexandria, Egypt",2018-01-01,0,1,2,0
59487,22234,"Izmir, Turkey",2018-01-01,0,1,2,365
59504,740,,2012-02-01,0,5,6,0
59504,740,ISTANBUL,2012-02-01,0,5,6,2008
59565,7895,,2011-12-01,0,1,2,0
59565,7895,"Çankaya, Ankara, Türkiye",2011-12-01,0,1,2,2588
59588,7895,,2011-12-01,0,1,2,0
59588,7895,"Çankaya, Ankara, Türkiye",2011-12-01,0,1,2,2588
60049,15336,,2017-08-01,0,4,5,0
60049,15336,"Ankara, Turkey",2017-08-01,0,4,5,518
60275,14135,,2018-01-01,0,5,7,0
60275,14135,"Ankara, Turkey",2018-01-01,0,5,7,181
60701,1562,"Ankara, Turkey",2010-10-01,0,1,2,0
60701,1562,,2010-10-01,0,1,2,3014
60770,4963,Merzifon,2017-02-01,0,5,7,0
60770,4963,"Amasya, Turkey",2017-02-01,0,5,7,789
60888,924,"Ankara, Turkey",2010-03-01,0,1,4,0
60888,924,"Ankara, Türkiye",2010-03-01,0,1,4,1461
61067,1562,"Istanbul, Turkey",2009-02-01,0,6,8,0
61067,1562,"İstanbul, Türkiye",2009-02-01,0,6,8,0
61080,26,"Istanbul, Turkey",2011-09-01,0,4,6,0
61080,26,,2011-09-01,0,4,6,519
61175,26,,2011-09-01,0,4,6,0
61175,26,"Istanbul, Turkey",2011-09-01,0,4,6,519
61185,1562,"İstanbul, Türkiye",2009-02-01,0,6,8,0
61185,1562,"Istanbul, Turkey",2009-02-01,0,6,8,3621
61244,518,"Ankara, Turkey",2015-08-01,0,4,5,0
61244,518,Aselsan MGEO,2015-08-01,0,4,5,1249
61431,41,"Ankara, Turkey",2018-03-01,0,3,6,0
61431,41,"Ankara, Türkiye",2018-03-01,0,3,6,306
61641,518,"Ankara, Turkey",2015-08-01,0,4,5,0
61641,518,Aselsan MGEO,2015-08-01,0,4,5,1249
61696,41,"Ankara, Turkey",2018-03-01,0,3,6,0
61696,41,"Ankara, Türkiye",2018-03-01,0,3,6,306
61957,1562,"İstanbul, Türkiye",2009-02-01,0,6,8,0
61957,1562,"Istanbul, Turkey",2009-02-01,0,6,8,0
62028,1562,"Istanbul, Turkey",2009-02-01,0,6,8,0
62028,1562,"İstanbul, Türkiye",2009-02-01,0,6,8,3621
62155,2381,,2018-02-01,0,5,7,0
62155,2381,"Istanbul, Turkey",2018-02-01,0,5,7,485
62160,5178,"İstanbul, Türkiye",2015-08-01,0,2,4,0
62160,5178,İstanbul Türkiye,2015-08-01,0,2,4,1249
62214,2402,"Istanbul, Turkey",2016-01-01,0,2,3,0
62214,2402,,2016-01-01,0,2,3,1308
62253,6773,Adapazarı,1993-09-01,0,1,2,0
62253,6773,"Sakarya, Turkey",1993-09-01,0,1,2,9253
62459,6474,"Istanbul, Turkey",2018-09-01,0,5,6,0
62459,6474,,2018-09-01,0,5,6,0
62654,5178,İstanbul Türkiye,2015-08-01,0,2,4,0
62654,5178,"İstanbul, Türkiye",2015-08-01,0,2,4,1249
62673,6474,,2018-09-01,0,5,6,0
62673,6474,"Istanbul, Turkey",2018-09-01,0,5,6,153
62702,5178,"İstanbul, Türkiye",2015-08-01,0,2,4,0
62702,5178,İstanbul Türkiye,2015-08-01,0,2,4,1249
62718,6773,Adapazarı,1993-09-01,0,1,2,0
62718,6773,"Sakarya, Turkey",1993-09-01,0,1,2,9253
62722,6474,"Istanbul, Turkey",2018-09-01,0,5,6,0
62722,6474,,2018-09-01,0,5,6,153
62724,6474,"Istanbul, Turkey",2018-09-01,0,5,6,0
62724,6474,,2018-09-01,0,5,6,0
62751,850,"Maltepe, İstanbul",2016-12-01,0,4,5,0
62751,850,,2016-12-01,0,4,5,1095
63105,5509,"Istanbul, Turkey",2014-06-01,0,11,12,0
63105,5509,"Barcelona Area, Spain",2014-06-01,0,11,12,334
63110,23,"Ankara, Turkey",2017-02-01,0,1,2,0
63110,23,Ankara,2017-02-01,0,1,2,699
63175,2765,"İstanbul, Türkiye",2016-03-01,0,3,4,0
63175,2765,,2016-03-01,0,3,4,1036
63204,439,,1996-01-01,0,2,3,0
63204,439,"Istanbul, Turkey",1996-01-01,0,2,3,60
63223,439,,1996-01-01,0,2,3,0
63223,439,"Istanbul, Turkey",1996-01-01,0,2,3,60
63285,5367,,2010-02-01,0,5,7,0
63285,14310,"Istanbul, Turkey",2010-02-01,0,5,7,0
63285,5367,"Istanbul, Turkey",2010-02-01,0,5,7,0
63285,14310,,2010-02-01,0,5,7,699
63434,2765,"İstanbul, Türkiye",2016-03-01,0,3,4,0
63434,2765,,2016-03-01,0,3,4,1036
63462,5509,"Barcelona Area, Spain",2014-06-01,0,11,12,0
63462,5509,"Istanbul, Turkey",2014-06-01,0,11,12,334
63464,5509,"Istanbul, Turkey",2014-06-01,0,11,12,0
63464,5509,"Barcelona Area, Spain",2014-06-01,0,11,12,334
63465,5509,"Barcelona Area, Spain",2014-06-01,0,11,12,0
63465,5509,"Istanbul, Turkey",2014-06-01,0,11,12,334
63571,23,"Ankara, Turkey",2017-02-01,0,1,2,0
63571,23,Ankara,2017-02-01,0,1,2,699
63587,978,Yetkili,2015-02-01,0,2,3,0
63587,978,,2015-02-01,0,2,3,1430
63610,2765,"İstanbul, Türkiye",2016-03-01,0,3,4,0
63610,2765,,2016-03-01,0,3,4,1036
63621,7072,Eaton Corporation,2011-11-01,0,2,3,0
63621,7072,"Istanbul, Turkey",2011-11-01,0,2,3,2618
63649,7072,"Istanbul, Turkey",2011-11-01,0,2,3,0
63649,7072,Eaton Corporation,2011-11-01,0,2,3,2618
63710,978,Yetkili,2015-02-01,0,2,3,0
63710,978,,2015-02-01,0,2,3,1430
63717,2765,"İstanbul, Türkiye",2016-03-01,0,3,4,0
63717,2765,,2016-03-01,0,3,4,1036
63783,8248,"Antalya, Türkiye",2015-02-01,0,1,2,0
63783,8248,,2015-02-01,0,1,2,1430
63870,4209,,2016-10-01,0,1,2,0
63870,4209,"Ankara, Turkey",2016-10-01,0,1,2,822
63950,314,"İstanbul, Türkiye",2012-02-01,0,3,4,0
63950,314,"Istanbul, Turkey",2012-02-01,0,3,4,2526
63974,3599,,2011-11-01,0,1,2,0
63974,3599,"Samsun, Türkiye",2011-11-01,0,1,2,2618
63979,314,"İstanbul, Türkiye",2012-02-01,0,3,4,0
63979,314,"Istanbul, Turkey",2012-02-01,0,3,4,2526
63984,305,"Istanbul, Turkey",2015-02-01,0,3,4,0
63984,305,,2015-02-01,0,3,4,1034
64022,3599,"Samsun, Türkiye",2011-11-01,0,1,2,0
64022,3599,,2011-11-01,0,1,2,2618
64189,22347,"Istanbul, Turkey",2018-06-01,0,2,3,0
64189,22347,,2018-06-01,0,2,3,214
64232,17195,,2014-09-01,0,4,5,0
64232,17195,Turkey,2014-09-01,0,4,5,822
64337,856,"Sivas, Turkey",2011-11-01,0,5,11,0
64337,856,,2011-11-01,0,5,11,1735
64413,856,,2011-11-01,0,4,7,0
64413,856,"Sivas, Turkey",2011-11-01,0,4,7,1735
64517,6474,"Istanbul, Turkey",2018-09-01,0,5,6,0
64517,6474,,2018-09-01,0,5,6,153
64531,2750,"İstanbul, Türkiye",2012-01-01,0,4,27,0
64531,2750,"Istanbul, Turkey",2012-01-01,0,4,27,397
64531,2750,"İstanbul, Türkiye",2017-03-01,0,4,27,0
64531,2750,"Istanbul, Turkey",2017-03-01,0,4,27,31
64561,856,,2011-11-01,0,5,11,0
64561,856,"Sivas, Turkey",2011-11-01,0,5,11,1735
64599,2750,"İstanbul, Türkiye",2012-01-01,0,4,27,0
64599,2750,"Istanbul, Turkey",2012-01-01,0,4,27,397
64599,2750,"İstanbul, Türkiye",2017-03-01,0,4,27,0
64599,2750,"Istanbul, Turkey",2017-03-01,0,4,27,31
64622,856,,2011-11-01,0,4,7,0
64622,856,"Sivas, Turkey",2011-11-01,0,4,7,1735
64624,6474,"Istanbul, Turkey",2018-09-01,0,4,5,0
64624,6474,,2018-09-01,0,4,5,122
64774,709,"Istanbul, Turkey",2015-08-01,0,3,5,0
64774,709,İstanbul,2015-08-01,0,3,5,61
64844,6474,,2018-09-01,0,5,6,0
64844,6474,"Istanbul, Turkey",2018-09-01,0,5,6,0
64850,856,"Sivas, Turkey",2011-11-01,0,4,7,0
64850,856,,2011-11-01,0,4,7,1735
64895,709,"Istanbul, Turkey",2015-08-01,0,3,5,0
64895,709,İstanbul,2015-08-01,0,3,5,61
64906,709,İstanbul,2015-08-01,0,3,5,0
64906,709,"Istanbul, Turkey",2015-08-01,0,3,5,61
64947,6474,"Istanbul, Turkey",2018-09-01,0,5,6,0
64947,6474,,2018-09-01,0,5,6,153
64948,856,"Sivas, Turkey",2011-11-01,0,4,7,0
64948,856,,2011-11-01,0,4,7,1735
65035,1857,,2018-02-01,0,4,6,0
65035,1857,"Kadikoy, Istanbul, Turkey",2018-02-01,0,4,6,28
65199,24446,"Istanbul, Turkey",2012-03-01,0,3,6,0
65199,24446,"İstanbul, Türkiye",2012-03-01,0,3,6,1126
65476,3298,,2016-09-01,0,4,7,0
65476,3298,"Istanbul, Turkey",2016-09-01,0,4,7,699
65549,856,"Sivas, Turkey",2011-11-01,0,5,11,0
65549,856,,2011-11-01,0,5,11,1735
65605,2750,"İstanbul, Türkiye",2012-01-01,0,4,27,0
65605,2750,"Istanbul, Turkey",2012-01-01,0,4,27,397
65605,2750,"İstanbul, Türkiye",2017-03-01,0,4,27,0
65605,2750,"Istanbul, Turkey",2017-03-01,0,4,27,31
65708,856,"Sivas, Turkey",2011-11-01,0,5,11,0
65708,856,,2011-11-01,0,5,11,1735
65709,6474,,2018-09-01,0,5,6,0
65709,6474,"Istanbul, Turkey",2018-09-01,0,5,6,153
65713,6474,"Istanbul, Turkey",2018-09-01,0,5,6,0
65713,6474,,2018-09-01,0,5,6,153
65814,4546,,2019-05-01,1,4,6,0
65814,4546,Ankara,2019-05-01,1,4,6,-120
65822,4546,,2019-05-01,1,4,6,0
65822,4546,Ankara,2019-05-01,1,4,6,-120
65905,4546,Ankara,2019-05-01,1,4,6,0
65905,4546,,2019-05-01,1,4,6,-120
66025,856,"Sivas, Turkey",2011-11-01,0,4,7,0
66025,856,,2011-11-01,0,4,7,1735
66034,6474,,2018-09-01,0,4,5,0
66034,6474,"Istanbul, Turkey",2018-09-01,0,4,5,122
66036,6474,,2018-09-01,0,5,6,0
66036,6474,"Istanbul, Turkey",2018-09-01,0,5,6,0
